5.000000000000000000e-01,4.500000000000000111e-01,1.410002820005640039e-03,-2.749850837650127389e-01,4.004421941321128359e-02,5.001780177330592547e-01,-1.978305998524069196e+02,2.880873332717444413e+01,3.609922113454994275e+01,0.000000000000000000e+00,0.000000000000000000e+00
5.000000000000000000e-01,4.500000000000000111e-01,9.760019520039041330e-03,2.312883216193236668e-01,-1.898023802470140409e-01,5.018858340799178253e-01,2.376072562678272604e+01,-1.949878942777929680e+01,2.008115241935591939e+02,0.000000000000000000e+00,1.000000000000000000e+00
5.000000000000000000e-01,4.500000000000000111e-01,2.266004532009064168e-02,-1.400606026488964984e-01,-4.106187932831730780e-01,5.000456821681257269e-01,-4.722164098191418802e+00,-1.384407382956261578e+01,1.681073428041915463e+02,2.000000000000000000e+00,1.000000000000000000e+00
5.000000000000000000e-01,4.500000000000000111e-01,5.201010402020804502e-02,3.086003209859867757e-01,-2.328992473659979023e-01,5.002540281868959049e-01,1.326088734651887364e+02,-1.000793088141239906e+02,2.954749641230817048e+01,2.000000000000000000e+00,1.000000000000000000e+00
5.000000000000000000e-01,0.000000000000000000e+00,3.390006780013560348e-03,3.802690782036049488e-01,2.720830584965894805e-01,5.000678603550094969e-01,1.128392634022098804e+02,8.073665113663903981e+01,1.483877923499364897e+02,0.000000000000000000e+00,0.000000000000000000e+00
5.000000000000000000e-01,0.000000000000000000e+00,3.984007968015935985e-02,-3.115865650525491692e-01,3.406066620963641434e-01,5.008239797434781426e-01,2.294420675835393197e+01,-2.508115097031988583e+01,2.002861512003125597e+02,0.000000000000000000e+00,1.000000000000000000e+00
5.000000000000000000e-01,-4.500000000000000111e-01,7.460014920029840561e-03,-2.230789615909359314e-01,8.412821670739931146e-02,5.010537421561627180e-01,2.425827649196858147e+02,-9.148355035857500184e+01,3.293716456264715475e+02,0.000000000000000000e+00,1.000000000000000000e+00
5.000000000000000000e-01,-4.500000000000000111e-01,1.008202016404032841e-01,-8.030503836842937948e-02,-2.483530120986534445e-03,5.000454532319206224e-01,1.684773847748361106e+02,5.210366227257129168e+00,7.890425962156084161e+00,2.000000000000000000e+00,1.000000000000000000e+00
5.000000000000000000e-01,-4.500000000000000111e-01,1.848843697687395426e+00,-6.303883343327765232e-02,-5.022912928537975885e-02,5.005592678538266505e-01,7.970627532049303454e+01,6.350969061264218851e+01,1.757369397514955267e+02,0.000000000000000000e+00,1.000000000000000000e+00
5.999999999999999778e-01,4.500000000000000111e-01,4.500009000018000160e-04,9.522193452329009294e-03,4.846833132720432258e-02,5.008706825268551821e-01,2.214459164637698407e+01,1.127168241640503794e+02,1.183036762453282336e+02,0.000000000000000000e+00,0.000000000000000000e+00
5.999999999999999778e-01,4.500000000000000111e-01,2.076204152408304970e-01,-6.888833621090070802e-02,-1.823755996164670018e-02,5.001387169940948452e-01,4.949530198585796903e+00,1.310343067394229344e+00,1.860106702056442316e+02,2.000000000000000000e+00,1.000000000000000000e+00
5.999999999999999778e-01,0.000000000000000000e+00,2.014004028008056085e-02,7.166892488474607692e-02,-7.352661609728262937e-02,5.009724775151865872e-01,-3.721494606887272738e+01,3.817957444021953251e+01,1.782794215919172132e+02,2.000000000000000000e+00,1.000000000000000000e+00
5.999999999999999778e-01,0.000000000000000000e+00,3.883007766015532380e-02,-1.275217856134876759e-01,5.031944485653905286e-02,5.016746821378664789e-01,1.193723855261444982e+02,-4.710373323256811773e+01,2.089491644219260706e+02,0.000000000000000000e+00,1.000000000000000000e+00
5.999999999999999778e-01,0.000000000000000000e+00,9.318018636037272984e-02,2.975389891652655550e-01,-5.165875793948168648e-02,5.001284359085979014e-01,1.820877574702922175e+02,-3.161410009924824394e+01,2.169750061294345400e+01,2.000000000000000000e+00,1.000000000000000000e+00
5.999999999999999778e-01,-4.500000000000000111e-01,6.140012280024560211e-03,2.576358376856404675e-01,-2.191884856553482086e-01,5.007971822829891950e-01,4.209727490424265994e+01,-3.581504040496405850e+01,1.553587059948720537e+02,0.000000000000000000e+00,0.000000000000000000e+00
5.999999999999999778e-01,-4.500000000000000111e-01,1.735003470006940204e-02,2.722210446475901713e-01,3.318480067965957625e-01,5.011759504326308567e-01,2.115236816445723633e+01,2.578555682015680262e+01,1.614896516266085769e+02,0.000000000000000000e+00,1.000000000000000000e+00
5.999999999999999778e-01,-4.500000000000000111e-01,8.018016036032073190e-02,1.565261667866462425e-01,-5.369002238031891222e-02,5.018173576854000340e-01,1.819814602315947605e+00,-6.242143964309244675e-01,1.860711769987345860e+02,2.000000000000000000e+00,1.000000000000000000e+00
5.999999999999999778e-01,-4.500000000000000111e-01,9.383018766037533320e-02,1.157612568092459826e-01,4.745415705094556125e-01,5.009868436203943620e-01,3.555957562511894565e+01,1.457698139162436917e+02,1.100584490653901355e+02,2.000000000000000000e+00,1.000000000000000000e+00
6.999999999999999556e-01,4.500000000000000111e-01,4.800009600019200387e-04,2.317830767940061432e-02,1.601704237831222399e-02,5.010732454762030219e-01,5.038752461475055355e+01,3.481958770484229149e+01,1.110285724558960112e+02,0.000000000000000000e+00,0.000000000000000000e+00
6.999999999999999556e-01,4.500000000000000111e-01,7.200014400028801123e-04,-6.318344013858731567e-02,-3.643131463479443166e-02,5.005883616198981700e-01,-9.026187681672438146e+01,-5.204463110309308860e+01,7.226894349024948383e+01,0.000000000000000000e+00,0.000000000000000000e+00
6.999999999999999556e-01,4.500000000000000111e-01,1.740003480006960127e-03,3.038327967487509593e-02,-2.100791032671145142e-01,5.001088393913546426e-01,1.766466215599747613e+01,-1.221387692493654100e+02,2.913298789166987746e+01,0.000000000000000000e+00,0.000000000000000000e+00
6.999999999999999556e-01,4.500000000000000111e-01,3.027006054012108122e-02,-1.879766684852422765e-01,-1.623049850329482402e-01,5.000167025636532703e-01,-7.569737275263933896e+01,-6.535949940305899020e+01,7.672023405558907427e+01,2.000000000000000000e+00,1.000000000000000000e+00
6.999999999999999556e-01,4.500000000000000111e-01,1.049302098604197320e-01,-1.323325019834714344e-01,-3.574392263233757555e-02,5.007952970761294642e-01,-6.066220564849476204e+01,-1.638528065976949222e+01,1.092683398838619553e+02,2.000000000000000000e+00,1.000000000000000000e+00
6.999999999999999556e-01,4.500000000000000111e-01,3.053706107412215154e-01,-1.456435592301469628e-01,4.045337605807217685e-01,5.000777990635354442e-01,-4.029798058208830014e+01,1.119300689632505623e+02,4.166153070042509654e+01,2.000000000000000000e+00,1.000000000000000000e+00
6.999999999999999556e-01,0.000000000000000000e+00,1.519003038006076084e-02,8.845241709694853793e-02,1.480603961117088752e-01,5.002942262060542378e-01,4.606083965762275056e+01,7.710118489436986522e+01,8.844069795820148272e+01,2.000000000000000000e+00,1.000000000000000000e+00
6.999999999999999556e-01,0.000000000000000000e+00,1.753003506007012186e-02,2.805887297024183269e-01,2.647249497237395000e-01,5.004358399768812360e-01,-6.296221175591926311e+01,-5.940248690408283494e+01,9.162453360223949517e+01,2.000000000000000000e+00,1.000000000000000000e+00
6.999999999999999556e-01,0.000000000000000000e+00,4.698009396018792277e-02,3.139428158609186559e-01,-2.892661280675717372e-01,5.001463731095880938e-01,8.771254343707818180e+01,-8.081811890941139609e+01,4.077857399612918243e+01,2.000000000000000000e+00,1.000000000000000000e+00
6.999999999999999556e-01,0.000000000000000000e+00,5.177010354020708527e-02,1.821028162040487230e-01,2.158563810051117859e-01,5.003908524597491247e-01,-4.259393963225821267e+01,-5.048891529204684048e+01,1.073525801117556995e+02,2.000000000000000000e+00,1.000000000000000000e+00
6.999999999999999556e-01,-4.500000000000000111e-01,1.403002806005612148e-02,3.254265517977059652e-01,3.651558152720198458e-01,5.001075811944284411e-01,-7.875294230248226768e+01,-8.836738948519993642e+01,4.332584992458603068e+01,2.000000000000000000e+00,1.000000000000000000e+00
6.999999999999999556e-01,-4.500000000000000111e-01,2.785005570011140144e-02,-4.254917655063852888e-02,-1.965308186459255868e-01,5.003882695005703596e-01,1.830039756951650531e+01,8.452789001927972379e+01,9.169559408772619236e+01,2.000000000000000000e+00,1.000000000000000000e+00
6.999999999999999556e-01,-4.500000000000000111e-01,3.387006774013548438e-01,1.576720915694680356e-02,-1.820733953275037800e-02,5.000277990411281515e-01,8.241643404371430393e+01,-9.517118614797627174e+01,6.158526132135660802e+00,2.000000000000000000e+00,1.000000000000000000e+00
1.500000000000000000e+00,4.500000000000000111e-01,2.186004372008744021e-02,-1.726679764198210676e-01,-5.734554030966503707e-02,5.001159430592113653e-01,8.298196522465302394e+01,2.755951468496713019e+01,7.927370515649189997e+01,2.000000000000000000e+00,1.000000000000000000e+00
1.500000000000000000e+00,4.500000000000000111e-01,6.645013290026580144e-02,-6.095759198342766416e-02,6.927660171327156002e-02,5.001787162806786702e-01,-6.572090851287995861e+01,7.468997798533872867e+01,6.349821339412732613e+01,2.000000000000000000e+00,1.000000000000000000e+00
1.500000000000000000e+00,4.500000000000000111e-01,7.076014152028305138e-02,-3.423548795443316362e-01,-1.489343500370479967e-01,5.000694864901018555e-01,-8.311402133539274928e+01,-3.615702151822134169e+01,7.559486082959354292e+01,2.000000000000000000e+00,1.000000000000000000e+00
1.500000000000000000e+00,0.000000000000000000e+00,9.300018600037200656e-03,1.586866547644800313e-02,-8.365824360139802532e-03,5.002507389334788224e-01,9.660710031588133972e+01,-5.093043484879712679e+01,4.475502995334177569e+01,2.000000000000000000e+00,1.000000000000000000e+00
1.500000000000000000e+00,0.000000000000000000e+00,7.165014330028660061e-02,4.633469426268139735e-01,3.971423966077232935e-03,5.000726779083447537e-01,1.162476278852064553e+02,9.963778173772426250e-01,2.038013674543077869e+01,2.000000000000000000e+00,1.000000000000000000e+00
1.500000000000000000e+00,-4.500000000000000111e-01,9.200018400036801339e-03,-2.713675205918115729e-01,3.176813612877206483e-02,5.011103838768879992e-01,-2.900481693980075448e+01,3.395502051698108481e+00,1.143549075971836686e+02,2.000000000000000000e+00,1.000000000000000000e+00
1.500000000000000000e+00,-4.500000000000000111e-01,3.897007794015588250e-02,-4.202497159745118283e-01,1.825849274833310776e-01,5.007723164955958373e-01,-3.804420568320911400e+01,1.652897853772942582e+01,1.104956334607291808e+02,2.000000000000000000e+00,1.000000000000000000e+00
1.500000000000000000e+00,-4.500000000000000111e-01,4.002008004016008313e-02,8.212275392858681133e-03,1.904464511009837380e-02,5.005537578893368700e-01,-3.144293139161891304e+01,-7.291760698807854624e+01,8.731677037138351238e+01,2.000000000000000000e+00,1.000000000000000000e+00
1.500000000000000000e+00,-4.500000000000000111e-01,3.300006600013200009e-01,2.032337912026024040e-01,4.164964161693036626e-01,5.000116407471599800e-01,-5.175115805227566312e+01,-1.060560437998031063e+02,1.946007512186640476e+00,2.000000000000000000e+00,1.000000000000000000e+00
1.600000000000000089e+00,4.500000000000000111e-01,3.694007388014776405e-02,-2.794476696001889637e-01,-1.479595680515853329e-01,5.003392623543484463e-01,3.886899479423491499e+01,2.058002376108819576e+01,1.545346510240176201e+02,0.000000000000000000e+00,1.000000000000000000e+00
1.600000000000000089e+00,4.500000000000000111e-01,4.597009194018388673e-02,1.832373083307313189e-01,9.684338719355449487e-02,5.004071465850468137e-01,1.067585133679538103e+02,5.642331324601700260e+01,1.337661290984374602e+02,2.000000000000000000e+00,1.000000000000000000e+00
1.600000000000000089e+00,4.500000000000000111e-01,6.476012952025904379e-02,7.239738711642781932e-02,1.019838770313765269e-01,5.013263718755979204e-01,-1.130781651970967694e+01,-1.592895842476670154e+01,1.791444928465070063e+02,2.000000000000000000e+00,1.000000000000000000e+00
1.600000000000000089e+00,4.500000000000000111e-01,6.585013170026340901e-02,-3.639113564829260516e-02,2.158699803563237860e-02,5.004289181719959734e-01,1.160350370199423793e+02,-6.883127090131004877e+01,1.194674603315255439e+02,2.000000000000000000e+00,1.000000000000000000e+00
1.600000000000000089e+00,4.500000000000000111e-01,7.477014954029909122e-02,-6.122483691568633701e-03,-6.511674735591786549e-03,5.017750732927195312e-01,1.466365535084809757e+01,1.559578741064836827e+01,1.789304232794607117e+02,2.000000000000000000e+00,1.000000000000000000e+00
1.600000000000000089e+00,0.000000000000000000e+00,2.453004906009812261e-02,6.986751256461366799e-02,-5.271344858356624002e-02,5.011613703361802452e-01,2.374102672517742363e+01,-1.791206450124861860e+01,1.777353913645537489e+02,2.000000000000000000e+00,1.000000000000000000e+00
1.600000000000000089e+00,0.000000000000000000e+00,3.085006170012340176e-02,6.945088292127767071e-02,8.901315887469448546e-03,5.004125134989545476e-01,9.108119963112498851e+01,1.167361011443641416e+01,1.318455020168962903e+02,0.000000000000000000e+00,1.000000000000000000e+00
1.600000000000000089e+00,0.000000000000000000e+00,3.840007680015360136e-02,-7.153658338373886094e-02,-4.496019289735051633e-02,5.013999690054604663e-01,3.010532152168520525e+01,1.892096321669460934e+01,1.766635630660776997e+02,2.000000000000000000e+00,1.000000000000000000e+00
1.600000000000000089e+00,0.000000000000000000e+00,3.948007896015792023e-02,3.922920250101520900e-01,1.850910833692954657e-02,5.002140106487216187e-01,8.206472487160660023e+00,3.871974922889563908e-01,1.800190313150056909e+02,2.000000000000000000e+00,1.000000000000000000e+00
1.600000000000000089e+00,-4.500000000000000111e-01,6.200012400024800148e-03,2.928714641068517754e-01,1.280008910060645433e-01,5.016971871731005228e-01,4.750775646798520313e+01,2.076349492138506392e+01,1.725869001465690360e+02,2.000000000000000000e+00,1.000000000000000000e+00
1.600000000000000089e+00,-4.500000000000000111e-01,7.340014680029360687e-03,8.741879707687312540e-02,4.894027016096945681e-01,5.006720967221111041e-01,-2.890368575795479344e+01,-1.618135042968083326e+02,2.298571898476180877e+02,0.000000000000000000e+00,1.000000000000000000e+00
1.600000000000000089e+00,-4.500000000000000111e-01,2.089004178008356180e-02,-4.332650920832752939e-01,6.520836705759062990e-02,5.004638977634070507e-01,-1.513160527608623340e+02,2.277375419905543907e+01,9.517959888929179613e+01,2.000000000000000000e+00,1.000000000000000000e+00
1.699999999999999956e+00,4.500000000000000111e-01,4.691009382018764690e-02,-6.228986130034021990e-02,-1.184140560248517771e-01,5.000838844617546686e-01,-8.617376692791899018e+01,-1.638177554397555582e+02,1.940634389409042271e+01,2.000000000000000000e+00,1.000000000000000000e+00
1.699999999999999956e+00,4.500000000000000111e-01,4.805009610019220223e-02,-4.203357029222387631e-01,-2.373814392640520021e-01,5.004400497830481243e-01,-6.775074278898760838e+01,-3.826172443275494572e+01,1.764443949705558623e+02,0.000000000000000000e+00,1.000000000000000000e+00
1.699999999999999956e+00,4.500000000000000111e-01,4.935009870019740202e-02,-1.641545551547201470e-02,4.584577027510597369e-01,5.003408457022811007e-01,9.265677555409126853e+00,-2.587757155128006730e+02,3.228582830612773478e+02,0.000000000000000000e+00,1.000000000000000000e+00
1.699999999999999956e+00,4.500000000000000111e-01,7.797015594031188324e-02,5.556677595872291237e-02,-8.939399949035205240e-03,5.017094202948907400e-01,-6.765590000331492604e+01,1.088425841892779111e+01,1.802524877358551123e+02,0.000000000000000000e+00,1.000000000000000000e+00
1.699999999999999956e+00,0.000000000000000000e+00,8.360016720033440485e-03,-1.892524916619979791e-01,-2.712874098605361772e-01,5.001098153182729211e-01,-1.003033166984794917e+02,-1.437816049267662493e+02,8.032958337699125195e+01,0.000000000000000000e+00,1.000000000000000000e+00
1.699999999999999956e+00,0.000000000000000000e+00,1.834003668007336274e-02,-4.173314699499930391e-02,1.400575179838235429e-01,5.003981489513502634e-01,4.733404054874411315e+01,-1.588542612469845778e+02,8.463801495904294825e+01,2.000000000000000000e+00,1.000000000000000000e+00
1.699999999999999956e+00,0.000000000000000000e+00,2.352004704009408309e-02,-2.455913011055015430e-02,4.635419693681041425e-02,5.003777790680370430e-01,1.336018431636468584e+01,-2.521671623240772675e+01,1.839141212215351970e+02,2.000000000000000000e+00,1.000000000000000000e+00
1.699999999999999956e+00,-4.500000000000000111e-01,5.820011640023280836e-03,1.560235169647816167e-01,2.295159626959486845e-02,5.007000833369521509e-01,2.713304268469584457e+01,3.991363951918891040e+00,1.840832645725198802e+02,2.000000000000000000e+00,1.000000000000000000e+00
1.699999999999999956e+00,-4.500000000000000111e-01,1.911003822007644251e-02,-1.521943946514644486e-01,5.276440505429227240e-02,5.005489342744506853e-01,-8.849143691562511904e+00,3.067917206770276906e+00,1.858791592060310620e+02,2.000000000000000000e+00,1.000000000000000000e+00
1.699999999999999956e+00,-4.500000000000000111e-01,2.268004536009072050e-02,5.605706233835182351e-03,-2.570045908768553988e-01,5.014954280973717982e-01,2.072164285874467549e+00,-9.500243364634489751e+01,1.600282007136452762e+02,2.000000000000000000e+00,1.000000000000000000e+00
1.699999999999999956e+00,-4.500000000000000111e-01,5.030010060020120161e-02,1.689941124031754671e-02,4.683091200636361751e-01,5.000263771138139246e-01,-6.792788348068508952e+00,-1.882387906196863128e+02,4.131298771632721412e+01,0.000000000000000000e+00,1.000000000000000000e+00
1.800000000000000044e+00,4.500000000000000111e-01,6.648013296026591967e-02,-2.018329678667443554e-03,-1.491314389127373907e-01,5.005152253058736678e-01,9.096148561022158185e-01,6.721011625636212727e+01,1.090951632086784997e+02,2.000000000000000000e+00,1.000000000000000000e+00
1.800000000000000044e+00,4.500000000000000111e-01,1.206002412004824054e-01,-2.969931210414375813e-02,-6.962904912568770865e-02,5.001410014524496628e-01,-8.305336666985444083e+01,-1.947158549541607897e+02,4.048420715003779691e+01,0.000000000000000000e+00,1.000000000000000000e+00
1.800000000000000044e+00,0.000000000000000000e+00,1.139102278204556506e-01,-4.413603983440768097e-01,-1.549120608675857991e-01,5.000447004471513246e-01,2.031188044467646137e+02,7.129219729694698060e+01,1.054849747520924552e+01,0.000000000000000000e+00,1.000000000000000000e+00
1.800000000000000044e+00,0.000000000000000000e+00,1.707803415606831410e-01,9.172726642431983449e-03,-2.615232747587330209e-02,5.003384072270982141e-01,1.614993674244922772e+01,-4.604502574502900103e+01,1.184855134995956405e+02,2.000000000000000000e+00,1.000000000000000000e+00
1.800000000000000044e+00,-4.500000000000000111e-01,5.260010520021040845e-03,-3.681611181556841972e-01,7.247067478940744101e-02,5.001677044333748823e-01,4.004938128104393513e+01,-7.883520402358714207e+00,2.193563305428478998e+02,0.000000000000000000e+00,1.000000000000000000e+00
1.800000000000000044e+00,-4.500000000000000111e-01,8.440016880033760979e-03,-2.777364864807475020e-01,2.139537487258102444e-01,5.020302119736065327e-01,3.082563504862265802e+01,-2.374646651247444140e+01,2.119834485668995967e+02,0.000000000000000000e+00,1.000000000000000000e+00
1.800000000000000044e+00,-4.500000000000000111e-01,9.250018500037000130e-03,-4.359258397790596005e-03,2.356468347098434214e-03,5.016780505187807826e-01,-1.086212317793474114e+02,5.871698145759897614e+01,1.766489202048502420e+02,0.000000000000000000e+00,1.000000000000000000e+00
1.800000000000000044e+00,-4.500000000000000111e-01,2.859005718011436298e-02,1.133646431867317561e-01,-2.298504863668921483e-01,5.003901408159230346e-01,-4.593557585295237544e+01,9.313586806733832191e+01,2.392393445148462945e+02,0.000000000000000000e+00,1.000000000000000000e+00
1.800000000000000044e+00,-4.500000000000000111e-01,3.644007288014576573e-02,4.663527121984427093e-01,3.316496293555565300e-02,5.004431491504796048e-01,-2.098081689488710424e+02,-1.492063831678932928e+01,4.700003945568436592e+01,0.000000000000000000e+00,1.000000000000000000e+00
1.899999999999999911e+00,4.500000000000000111e-01,5.264010528021056262e-02,-1.012838986105521477e-01,-7.010575162823620698e-02,5.013255458157309663e-01,7.827283556757232930e+01,5.417816696251303199e+01,2.457115535263315564e+02,0.000000000000000000e+00,1.000000000000000000e+00
1.899999999999999911e+00,4.500000000000000111e-01,1.323602647205294469e-01,1.369407896177695372e-01,-2.635196345130734197e-01,5.002773202575547806e-01,7.485966091630025687e+01,-1.440548907268857306e+02,1.579761899726622403e+02,0.000000000000000000e+00,1.000000000000000000e+00
1.899999999999999911e+00,4.500000000000000111e-01,1.967403934807869792e-01,-1.135961567604315686e-01,6.257751541877840107e-02,5.006544131170271861e-01,-5.948433047116370886e+00,3.276855232951813690e+00,2.264202626471035842e+02,0.000000000000000000e+00,1.000000000000000000e+00
1.899999999999999911e+00,4.500000000000000111e-01,2.619905239810479958e-01,-3.730361980288320889e-01,6.179578655360816464e-02,5.006400417402160352e-01,3.064631189836694958e+01,-5.076753834414593491e+00,2.243820115576333194e+02,0.000000000000000000e+00,1.000000000000000000e+00
1.899999999999999911e+00,4.500000000000000111e-01,4.994709989419979235e-01,-2.274045797804107594e-01,-7.075283920186573039e-02,5.003431125333955842e-01,-7.575576260192171674e+00,-2.357004109224229538e+00,3.670593574527206471e+01,2.000000000000000000e+00,1.000000000000000000e+00
1.899999999999999911e+00,4.500000000000000111e-01,7.250214500429000841e-01,-6.049572668709839868e-02,9.938926614445809174e-03,5.034717717744263688e-01,-3.693098840095557875e+02,6.067443166927353104e+01,4.374739238613634029e+02,0.000000000000000000e+00,1.000000000000000000e+00
1.899999999999999911e+00,0.000000000000000000e+00,1.179202358404716905e-01,2.666026811973515320e-01,1.695842745503639559e-01,5.019606789518631373e-01,5.124301451321287004e+01,3.259535651687774305e+01,2.182291299763929544e+02,0.000000000000000000e+00,1.000000000000000000e+00
1.899999999999999911e+00,-4.500000000000000111e-01,1.276202552405104884e-01,-6.323359413982763966e-02,1.851227528780167164e-01,5.007931017923730188e-01,-6.713109187209299478e+01,1.965330723349065636e+02,9.044570169875463250e+01,0.000000000000000000e+00,1.000000000000000000e+00
1.899999999999999911e+00,-4.500000000000000111e-01,3.519407038814078015e-01,1.205102409316075734e-01,9.317654651642054420e-02,5.001016983949418959e-01,-1.678240673356293087e+02,-1.297588229495525525e+02,7.943542825962441611e+01,0.000000000000000000e+00,1.000000000000000000e+00
2.000000000000000000e+00,4.500000000000000111e-01,2.447004894009788267e-02,4.388847426108543615e-01,-3.006901798288126940e-02,5.005827661604395074e-01,2.083100596226431662e+02,-1.427180833753046585e+01,8.334276726832746363e+01,0.000000000000000000e+00,1.000000000000000000e+00
2.000000000000000000e+00,4.500000000000000111e-01,3.512007024014048018e-02,-8.571320897043686882e-02,4.559211411109445056e-01,5.004952022418378554e-01,4.069549349698209362e+00,-2.164653039605288853e+01,5.889618739696469873e+01,2.000000000000000000e+00,1.000000000000000000e+00
2.000000000000000000e+00,4.500000000000000111e-01,3.785007570015140599e-02,1.506616879413318622e-01,9.112314744556220111e-04,5.000959059510308169e-01,2.901919110333269103e+01,1.755137663591168073e-01,5.578306322371808790e+01,2.000000000000000000e+00,1.000000000000000000e+00
2.000000000000000000e+00,4.500000000000000111e-01,5.975011950023900731e-02,3.574682689103402256e-01,-1.202670926267423307e-03,5.010435242102686537e-01,1.793693945479256513e+02,-6.034727405108060161e-01,1.355324257486634281e+02,0.000000000000000000e+00,1.000000000000000000e+00
2.000000000000000000e+00,4.500000000000000111e-01,1.463802927605855342e-01,-3.721502428827309084e-01,-6.087742135988115366e-02,5.001547514001325467e-01,-1.890933370613040552e+02,-3.093243918759750954e+01,1.175996445321182051e+02,0.000000000000000000e+00,1.000000000000000000e+00
2.000000000000000000e+00,0.000000000000000000e+00,8.696017392034784133e-02,-4.171433808344674476e-01,-2.353142461008062569e-01,5.005404064985471413e-01,1.178875977459591873e+01,6.650142963489415138e+00,2.244094094522262708e+02,0.000000000000000000e+00,1.000000000000000000e+00
2.000000000000000000e+00,0.000000000000000000e+00,9.450118900237801656e-01,2.146382362983147440e-01,7.806327558894980700e-03,5.000054065342188769e-01,-2.246578204404457892e+02,-8.170736795418639176e+00,2.210222686358781274e+00,0.000000000000000000e+00,1.000000000000000000e+00
2.000000000000000000e+00,-4.500000000000000111e-01,5.528011056022112679e-02,-9.784494893461403997e-02,3.989516216244346491e-01,5.017970395974199471e-01,2.841297173155979738e+00,-1.158506521885934148e+01,2.245005470002323023e+02,0.000000000000000000e+00,1.000000000000000000e+00
2.100000000000000089e+00,4.500000000000000111e-01,1.130002260004520044e-03,8.033395519556117692e-02,1.487502439853996827e-01,5.004528580321800924e-01,7.237278786274848130e+01,1.340089607972177532e+02,4.545293434816802858e+01,2.000000000000000000e+00,0.000000000000000000e+00
2.100000000000000089e+00,4.500000000000000111e-01,1.875003750007500289e-02,-1.454126339403475632e-01,-1.635479437734878583e-01,5.004329069595810919e-01,7.787812063133866047e+01,8.759078320129984263e+01,1.073547589208278481e+02,2.000000000000000000e+00,1.000000000000000000e+00
2.100000000000000089e+00,4.500000000000000111e-01,2.334004668009336328e-02,1.888018778897981864e-01,2.829446757206294794e-01,5.002615227573429246e-01,-1.094324573210226106e+02,-1.639990634419549451e+02,6.314224068283652969e+01,0.000000000000000000e+00,1.000000000000000000e+00
2.100000000000000089e+00,4.500000000000000111e-01,2.806005612011224296e-02,7.262696545149062953e-03,-5.437421057072824165e-02,5.008567054389246875e-01,2.788418008294323847e-01,-2.087627191906880952e+00,1.589268866422331712e+02,2.000000000000000000e+00,1.000000000000000000e+00
2.100000000000000089e+00,4.500000000000000111e-01,5.968011936023872449e-02,1.158601992258150720e-01,-1.148393282806434712e-01,5.006383582417084366e-01,-4.036484564618633897e+01,4.000918167873718545e+01,1.484322601565874606e+02,2.000000000000000000e+00,1.000000000000000000e+00
2.100000000000000089e+00,0.000000000000000000e+00,3.180006360012720135e-03,-3.727345164155074914e-03,3.649845150306950392e-02,5.009122835347634695e-01,-1.179537249830611811e+00,1.155011978043253151e+01,1.585162283893022277e+02,2.000000000000000000e+00,0.000000000000000000e+00
2.100000000000000089e+00,0.000000000000000000e+00,1.692003384006768307e-02,-2.260524300676979015e-01,-8.034026580976404153e-02,5.006928232042471283e-01,-9.824757123347569632e+01,-3.491772234298878175e+01,1.788470449761642556e+02,0.000000000000000000e+00,1.000000000000000000e+00
2.100000000000000089e+00,0.000000000000000000e+00,2.127004254008508025e-02,-2.015651607677144130e-01,-1.654977938010603888e-01,5.004454815053311911e-01,-1.551448480973430719e+02,-1.273837700022923087e+02,5.061175093257012492e+01,0.000000000000000000e+00,1.000000000000000000e+00
2.100000000000000089e+00,0.000000000000000000e+00,2.636005272010544243e-02,1.337164227821075746e-01,-2.759458004793406971e-01,5.003991244639904856e-01,1.928833097396092455e+01,-3.980463894994326779e+01,1.526621834120654455e+02,2.000000000000000000e+00,1.000000000000000000e+00
2.100000000000000089e+00,-4.500000000000000111e-01,9.170018340036681370e-03,2.312182139675255099e-01,-3.636791950453468480e-01,5.006195006873375153e-01,-5.007269513218746226e+01,7.875849028910471361e+01,1.286546409866955116e+02,2.000000000000000000e+00,1.000000000000000000e+00
2.100000000000000089e+00,-4.500000000000000111e-01,3.111006222012444380e-02,4.030044971103630136e-01,9.009690164048786420e-02,5.004496099706320367e-01,-1.216135299237770226e+02,-2.718828777906815120e+01,2.416343347632614496e+02,0.000000000000000000e+00,1.000000000000000000e+00
2.100000000000000089e+00,-4.500000000000000111e-01,3.463006926013852127e-02,-3.648947980652811895e-01,-2.549695915953025249e-01,5.013653433515131708e-01,-4.645659503669044454e+01,-3.246146321136020418e+01,1.484931965499091859e+02,2.000000000000000000e+00,1.000000000000000000e+00
2.100000000000000089e+00,-4.500000000000000111e-01,3.882007764015528439e-02,1.820187642018235297e-01,-7.528157754366621157e-02,5.015210696823412251e-01,-1.183082489366199397e+01,4.893139262558708680e+00,1.584243668389690072e+02,2.000000000000000000e+00,1.000000000000000000e+00
2.100000000000000089e+00,-4.500000000000000111e-01,4.043008086016171981e-02,1.410081197703425340e-03,8.372168775755951808e-03,5.005802563708077191e-01,-3.193255512857340150e+01,-1.895952810467568384e+02,7.675962096940622814e+01,0.000000000000000000e+00,1.000000000000000000e+00
2.100000000000000089e+00,-4.500000000000000111e-01,1.181402362804725714e-01,-3.583229223848446443e-01,6.139227214497262539e-03,5.007996552854084849e-01,1.336235395060356552e+02,-2.289402153712907229e+00,1.581063136350428238e+02,0.000000000000000000e+00,1.000000000000000000e+00
2.200000000000000178e+00,4.500000000000000111e-01,3.100006200012400182e-04,-3.826052308544350151e-03,-1.993198170290556501e-02,5.015221179464390833e-01,-1.319325743599908130e+01,-6.873083392738669772e+01,1.776621203524261148e+02,2.000000000000000000e+00,0.000000000000000000e+00
2.200000000000000178e+00,4.500000000000000111e-01,1.045002090004180061e-02,-3.459029360065883907e-01,-1.678561313329221538e-01,5.005867136119974692e-01,-3.316416531167011783e+01,-1.609355662710063228e+01,1.873578238465557604e+02,2.000000000000000000e+00,1.000000000000000000e+00
2.200000000000000178e+00,4.500000000000000111e-01,2.357004714009428362e-02,5.659938252076722118e-03,6.231828808407816186e-04,5.016055515440734913e-01,7.236331853849830509e+01,7.967504114954039984e+00,1.765272998448696455e+02,2.000000000000000000e+00,1.000000000000000000e+00
2.200000000000000178e+00,0.000000000000000000e+00,3.060006120012240260e-03,-7.539467784992290311e-02,-2.827265183588164588e-01,5.013464359547324944e-01,-2.480083126992349563e+01,-9.300195819268999742e+01,1.649162609414014469e+02,2.000000000000000000e+00,0.000000000000000000e+00
2.200000000000000178e+00,0.000000000000000000e+00,4.410008820017640579e-02,-3.215972585460055710e-01,-9.535902899160824536e-03,5.006460433932382603e-01,-1.320590127552942761e+02,-3.915773188761125567e+00,1.378655230747618816e+02,2.000000000000000000e+00,1.000000000000000000e+00
