5.000000000000000000e-01,4.499999999999999833e-02,1.710003420006839941e-04,6.458999323137107340e-03,-1.845535983529883114e-03,5.502628368964883332e-02,3.121297519848359059e+01,-8.918512915069998215e+00,3.494641299731752326e+01,3.000000000000000000e+00,0.000000000000000000e+00
5.000000000000000000e-01,4.499999999999999833e-02,2.100004200008399695e-04,5.683315670236018359e-04,-3.289648324644903893e-02,5.503942209395505658e-02,1.434240630413141648e+00,-8.301751232446159179e+01,6.796265830580462364e+01,3.000000000000000000e+00,0.000000000000000000e+00
5.000000000000000000e-01,4.499999999999999833e-02,1.169002338004675829e-03,-2.150925442985179500e-03,-6.382611351231745785e-03,5.502501075790646595e-02,-1.951913750707681139e+00,-5.792068201397948535e+00,4.730415894397297905e+01,3.000000000000000000e+00,1.000000000000000000e+00
5.000000000000000000e-01,4.499999999999999833e-02,1.790003580007159785e-03,3.772282102156386541e-02,4.758380854025758520e-03,5.501986230427313718e-02,-3.051398480440591143e+01,-3.849053626989366261e+00,3.645713911251883843e+01,3.000000000000000000e+00,1.000000000000000000e+00
5.000000000000000000e-01,4.499999999999999833e-02,2.359004718009435810e-03,9.546358202242916438e-03,9.050594766669646518e-03,5.504442730310660920e-02,5.361877917255334580e+00,5.083423771593603036e+00,4.712165683308845843e+01,3.000000000000000000e+00,1.000000000000000000e+00
5.000000000000000000e-01,4.499999999999999833e-02,1.840003680007359921e-02,2.554666699960447818e-03,3.762306233974459149e-03,5.501213577904554702e-02,2.560486407271258003e+01,3.770877027613818910e+01,1.405279526698709169e+01,3.000000000000000000e+00,1.000000000000000000e+00
5.000000000000000000e-01,0.000000000000000000e+00,3.530007060014119695e-04,-2.089888550617176235e-03,4.783880673405074661e-03,5.503663219902322351e-02,-2.988028229603077346e+00,6.839776453613129803e+00,4.710977202343691772e+01,3.000000000000000000e+00,0.000000000000000000e+00
5.000000000000000000e-01,0.000000000000000000e+00,9.230018460036919139e-04,-3.484145790343610993e-02,2.038310593247561614e-02,5.503218261056348759e-02,2.541177432365181943e+01,-1.486651016173663820e+01,3.752692468177050955e+01,3.000000000000000000e+00,1.000000000000000000e+00
5.000000000000000000e-01,-4.499999999999999833e-02,7.730015460030919628e-04,-1.136880778589074818e-02,1.377141938097765396e-02,5.501130804164974103e-02,-2.170172089199696686e+01,2.628802468307303641e+01,3.336190257351206156e+01,3.000000000000000000e+00,1.000000000000000000e+00
5.000000000000000000e-01,-4.499999999999999833e-02,4.942009884019767790e-03,2.983084915068815596e-02,-2.427964741058205936e-02,5.503902305322916355e-02,-6.493834690956209954e+01,5.285401560062366855e+01,6.881492853822561528e+01,3.000000000000000000e+00,1.000000000000000000e+00
5.000000000000000000e-01,-4.499999999999999833e-02,7.262014524029047381e-03,-1.739296466416651032e-02,-8.784977329530315598e-03,5.505393476283563375e-02,-7.495352696298576234e+01,-3.785812527376302228e+01,6.911025523537344384e+01,3.000000000000000000e+00,1.000000000000000000e+00
5.999999999999999778e-01,4.499999999999999833e-02,1.910003820007639822e-04,1.073075933342863830e-02,7.812115098674705244e-03,5.501549822249209715e-02,4.036614531680945106e+01,2.938701386418917849e+01,3.525057150689872287e+01,3.000000000000000000e+00,0.000000000000000000e+00
5.999999999999999778e-01,4.499999999999999833e-02,3.554007108014215714e-03,6.875445324560238054e-03,-6.358914271703692764e-03,5.504972346360187396e-02,2.019085265391583395e+00,-1.867397601726459300e+00,6.105785112532989700e+01,3.000000000000000000e+00,1.000000000000000000e+00
5.999999999999999778e-01,0.000000000000000000e+00,9.510019020038039351e-04,-1.711391512416260072e-02,1.990190974790871994e-02,5.502162387919497244e-02,-2.031557190736244323e+01,2.362514220995700498e+01,5.258094005236971924e+01,3.000000000000000000e+00,1.000000000000000000e+00
5.999999999999999778e-01,0.000000000000000000e+00,2.499004998009995808e-03,-2.217183177658892113e-03,-1.995269572674940491e-03,5.500511732501991297e-02,1.296502903746351194e+02,1.166738418726617681e+02,1.633595975399036320e+02,3.000000000000000000e+00,1.000000000000000000e+00
5.999999999999999778e-01,0.000000000000000000e+00,3.869007738015475817e-03,-5.221106512396251828e-03,-2.690994215038530323e-03,5.500327978739356222e-02,-5.666403302110914808e+01,-2.920503243873737276e+01,1.811412418004928071e+01,3.000000000000000000e+00,1.000000000000000000e+00
5.999999999999999778e-01,-4.499999999999999833e-02,6.620013240026479057e-04,-9.112478952820978612e-03,-4.576848508599878039e-03,5.501182162797535469e-02,-5.806050802113589704e+00,-2.916156524705331599e+00,6.077343883936055846e+01,3.000000000000000000e+00,0.000000000000000000e+00
5.999999999999999778e-01,-4.499999999999999833e-02,2.014004028008055738e-03,1.186516161740706378e-02,9.692011520889892359e-03,5.504291695455587607e-02,8.633005250987377366e+00,7.051837054601674204e+00,6.009465764647116259e+01,3.000000000000000000e+00,1.000000000000000000e+00
5.999999999999999778e-01,-4.499999999999999833e-02,2.016004032008063794e-03,-1.529416920016474050e-02,-1.425094719201175537e-02,5.502740083135209542e-02,-1.111175651688191302e+01,-1.035381871745437188e+01,5.920263818640540876e+01,3.000000000000000000e+00,1.000000000000000000e+00
5.999999999999999778e-01,-4.499999999999999833e-02,3.265006530013059901e-03,-1.462545024400197131e-03,2.369771763989315938e-03,5.503540525039090497e-02,1.348950069202756481e+02,-2.185713076654560609e+02,2.494683434094471579e+02,3.000000000000000000e+00,1.000000000000000000e+00
5.999999999999999778e-01,-4.499999999999999833e-02,3.359006718013435918e-03,-2.101496960959516047e-02,-1.888127563026170339e-02,5.516795600495680990e-02,-1.969989422366921872e+02,-1.769972260889078370e+02,2.576838687663408223e+02,3.000000000000000000e+00,1.000000000000000000e+00
5.999999999999999778e-01,-4.499999999999999833e-02,1.496102992205984236e-02,6.075753443413162667e-03,-2.033507278031648768e-02,5.500155687772913943e-02,-3.858975502276785541e+00,1.291568995141012799e+01,5.961474921784603964e+01,3.000000000000000000e+00,1.000000000000000000e+00
6.999999999999999556e-01,4.499999999999999833e-02,2.620005240010479818e-04,-5.818663829534977995e-03,2.383880907077395861e-02,5.502057844792528074e-02,-1.156861360962211016e+01,4.739609971167190139e+01,5.010212410756836476e+01,3.000000000000000000e+00,0.000000000000000000e+00
6.999999999999999556e-01,4.499999999999999833e-02,1.643003286006571809e-03,1.433370527956633923e-02,3.080848884930015991e-02,5.501149272195367257e-02,7.744084440210763809e+00,1.664493126312454407e+01,6.747904377098423367e+01,3.000000000000000000e+00,1.000000000000000000e+00
6.999999999999999556e-01,4.499999999999999833e-02,1.288202576405152698e-02,-1.886857860262062679e-04,-9.088280999373946024e-04,5.502735380036513635e-02,2.975537194982645772e+01,1.433203778703231421e+02,1.285910842319445919e+02,3.000000000000000000e+00,1.000000000000000000e+00
6.999999999999999556e-01,0.000000000000000000e+00,7.860015720031438913e-04,-8.628112338777974705e-03,1.308193473089265188e-02,5.505191813614903479e-02,8.436792353576750259e+01,-1.279185557326889437e+02,1.363475613777397371e+02,3.000000000000000000e+00,1.000000000000000000e+00
6.999999999999999556e-01,0.000000000000000000e+00,2.182004364008727649e-03,6.121426537839003493e-03,4.722392632332497731e-03,5.501792805658975438e-02,-8.459384152410771662e+01,-6.526016958379379673e+01,8.077475985166230998e+01,3.000000000000000000e+00,1.000000000000000000e+00
6.999999999999999556e-01,0.000000000000000000e+00,4.142008284016568051e-03,2.944612572683356216e-02,1.203916267111714185e-02,5.502007518222017113e-02,-1.300158636616345689e+02,-5.315748995195493620e+01,1.218170661806270800e+02,3.000000000000000000e+00,1.000000000000000000e+00
6.999999999999999556e-01,0.000000000000000000e+00,1.005102010204020346e-02,-2.228861301967899680e-02,-4.342129196999922058e-02,5.500483486267152000e-02,-8.634670872852126422e+00,-1.682152966198363231e+01,6.732699701877535858e+01,3.000000000000000000e+00,1.000000000000000000e+00
8.000000000000000444e-01,4.499999999999999833e-02,1.870003740007479792e-04,1.007067793815343004e-02,5.340753479349866391e-03,5.506231617201728240e-02,2.967408875647886290e+01,1.573697359263979756e+01,6.802636713745883412e+01,3.000000000000000000e+00,0.000000000000000000e+00
8.000000000000000444e-01,4.499999999999999833e-02,2.817005634011267648e-02,4.039607828562561190e-03,4.831716979212518368e-04,5.501940582053682638e-02,-2.931065476288614846e+01,-3.505805372720826707e+00,6.988837781321488762e+01,3.000000000000000000e+00,1.000000000000000000e+00
1.399999999999999911e+00,4.499999999999999833e-02,7.871015742031483436e-03,-4.727637914030175664e-02,8.637187653841550076e-04,5.500203243776460860e-02,6.321659834144940149e+00,-1.154939596985851968e-01,7.631670435338764946e+01,3.000000000000000000e+00,1.000000000000000000e+00
1.500000000000000000e+00,4.499999999999999833e-02,5.681011362022723131e-03,-2.153479374856821088e-02,1.717266353221354137e-03,5.505778820651473227e-02,1.413261263842403821e+02,-1.126988280010234433e+01,1.229880917328334107e+02,3.000000000000000000e+00,1.000000000000000000e+00
1.500000000000000000e+00,4.499999999999999833e-02,5.976011952023903111e-03,-8.156498823357335309e-03,-1.547984589042512111e-03,5.503268562233195466e-02,-4.511911630596328138e+01,-8.562950626911879581e+00,5.352527224917695037e+01,3.000000000000000000e+00,1.000000000000000000e+00
1.500000000000000000e+00,4.499999999999999833e-02,8.729017458034915924e-03,1.082833700007307387e-02,7.104117747751288042e-03,5.506166215913929629e-02,-2.217010017817929679e+01,-1.454507761848671521e+01,6.535243625282974733e+01,3.000000000000000000e+00,1.000000000000000000e+00
1.500000000000000000e+00,0.000000000000000000e+00,1.069302138604277114e-02,1.370908716300783294e-02,4.110794025966710979e-02,5.500617145262657465e-02,-1.437006148419681750e+01,-4.308993166329478441e+01,5.395157709661019396e+01,3.000000000000000000e+00,1.000000000000000000e+00
1.500000000000000000e+00,-4.499999999999999833e-02,2.485004970009939852e-03,-4.552688566521612135e-02,1.517399579482352906e-02,5.506046032765188336e-02,-1.843399326081967970e+01,6.144003310008710805e+00,6.779714348558603376e+01,3.000000000000000000e+00,1.000000000000000000e+00
1.500000000000000000e+00,-4.499999999999999833e-02,3.863607727215453980e-02,-1.547450779857204549e-03,-1.189495616666911594e-03,5.504636582788548227e-02,1.191741593016497376e+02,9.160688143030898800e+01,1.327414306899816268e+02,3.000000000000000000e+00,1.000000000000000000e+00
1.600000000000000089e+00,4.499999999999999833e-02,1.320002640005279917e-03,1.682154631773109116e-02,-3.107326232378053096e-02,5.502937085067375472e-02,1.788127989913556348e+01,-3.303083381847818600e+01,4.964838144046396451e+01,3.000000000000000000e+00,1.000000000000000000e+00
1.600000000000000089e+00,0.000000000000000000e+00,5.230010460020919358e-04,-3.956360414321609398e-02,-1.061450682416296976e-02,5.517830386014755534e-02,1.999826144565559218e+02,5.365327228983132812e+01,1.974740027929076973e+02,3.000000000000000000e+00,1.000000000000000000e+00
1.600000000000000089e+00,0.000000000000000000e+00,5.780011560023119504e-04,-3.225686969948324267e-02,-3.314979959882154853e-02,5.501144115371884441e-02,2.193554849899291526e+01,2.254276511038789366e+01,5.372516529950527797e+01,3.000000000000000000e+00,1.000000000000000000e+00
1.600000000000000089e+00,0.000000000000000000e+00,9.310018620037239200e-04,-1.156170799059831784e-02,9.690056463787507374e-03,5.501986088162435368e-02,-4.126345425098543274e+01,3.458357553296662701e+01,3.125766433797289778e+01,3.000000000000000000e+00,1.000000000000000000e+00
1.600000000000000089e+00,0.000000000000000000e+00,1.821003642007283782e-03,-2.850277129333192785e-02,2.872757859682980100e-02,5.511179175867764873e-02,-1.082889858779829098e+02,1.091430837010725838e+02,1.405808637369551661e+02,3.000000000000000000e+00,1.000000000000000000e+00
1.600000000000000089e+00,0.000000000000000000e+00,3.810007620015239474e-03,5.875825466087674850e-04,2.334382355106356943e-03,5.519289309036534696e-02,6.214497498105917828e+01,2.468931963542836172e+02,2.468653689527924655e+02,3.000000000000000000e+00,1.000000000000000000e+00
1.600000000000000089e+00,-4.499999999999999833e-02,2.041004082008163623e-03,1.106374532195726276e-02,1.660515085144089950e-02,5.505108997617415983e-02,-1.572145923222779373e+01,-2.359573494862057430e+01,5.542395641847308241e+01,3.000000000000000000e+00,1.000000000000000000e+00
1.600000000000000089e+00,-4.499999999999999833e-02,2.222004444008887896e-03,-1.126927244841013399e-02,1.395763346461149218e-02,5.500212106694562370e-02,-3.523102468398719367e+01,4.363562345066274872e+01,2.702674969398307425e+01,3.000000000000000000e+00,1.000000000000000000e+00
1.600000000000000089e+00,-4.499999999999999833e-02,1.349702699405398720e-02,-2.799905059103994023e-02,-1.538901527090084410e-02,5.503504115992564893e-02,-2.242737461704586099e+00,-1.232667548300014015e+00,6.220280212841053213e+01,3.000000000000000000e+00,1.000000000000000000e+00
1.600000000000000089e+00,-4.499999999999999833e-02,1.392302784605569006e-02,-2.323867549370387323e-02,1.080816639801210691e-02,5.503383687691747878e-02,-3.563458673415845368e+01,1.657342919785792290e+01,4.828287073219949832e+01,3.000000000000000000e+00,1.000000000000000000e+00
1.600000000000000089e+00,-4.499999999999999833e-02,3.183206366412732330e-02,9.186781424586374506e-03,-9.657256605193070484e-03,5.505960933408571290e-02,5.659542111660339714e+00,-5.949379648257491660e+00,6.171152565056385697e+01,3.000000000000000000e+00,1.000000000000000000e+00
1.699999999999999956e+00,4.499999999999999833e-02,1.341002682005363851e-03,3.724548242212916659e-03,9.516019705326863448e-03,5.503906463488025119e-02,2.977904517230721027e+01,7.608385292310977377e+01,6.297453729249764365e+01,3.000000000000000000e+00,1.000000000000000000e+00
1.699999999999999956e+00,4.499999999999999833e-02,1.384002768005535965e-03,5.754326300088009709e-03,4.273427301005242734e-02,5.502800189686010007e-02,2.615500423115875606e+00,1.942390877931803672e+01,4.822471135284222754e+01,3.000000000000000000e+00,1.000000000000000000e+00
1.699999999999999956e+00,4.499999999999999833e-02,5.047010094020187680e-03,-2.448721540554097634e-03,4.693343942819000816e-03,5.507078033265312006e-02,-1.321387119048350201e+02,2.532637594188284993e+02,2.808797236523699894e+02,3.000000000000000000e+00,1.000000000000000000e+00
1.699999999999999956e+00,0.000000000000000000e+00,6.660013320026639087e-04,-4.991989271655041839e-03,-3.932656092530986691e-02,5.500534523954384025e-02,7.529766066399020907e+00,5.931899846920214259e+01,2.942259500126327865e+01,3.000000000000000000e+00,1.000000000000000000e+00
1.699999999999999956e+00,0.000000000000000000e+00,2.087004174008347604e-03,-1.503993571224761239e-02,3.661202358988135258e-02,5.501061529979796305e-02,2.799289738331486888e+01,-6.814368352069615753e+01,5.212880247891808239e+01,3.000000000000000000e+00,1.000000000000000000e+00
1.699999999999999956e+00,0.000000000000000000e+00,2.995005990011979750e-03,-1.077275450335768610e-02,2.032743720877661434e-02,5.504249158316519563e-02,4.820439877437951992e+00,-9.095834208124893294e+00,5.102725761043648589e+01,3.000000000000000000e+00,1.000000000000000000e+00
1.699999999999999956e+00,0.000000000000000000e+00,4.452708905417810531e-02,-1.043819291997729248e-03,7.877551630971312956e-04,5.504810597669845817e-02,6.181349578177204052e+01,-4.664974179354354078e+01,5.733545857819483871e+01,3.000000000000000000e+00,1.000000000000000000e+00
1.699999999999999956e+00,-4.499999999999999833e-02,8.660017320034639520e-04,2.641968612635876845e-02,9.774671290447543154e-03,5.502918918717480262e-02,-2.130809407017614987e+01,-7.883500748864517682e+00,4.683553568429333325e+01,3.000000000000000000e+00,1.000000000000000000e+00
1.699999999999999956e+00,-4.499999999999999833e-02,1.106002212004423809e-03,2.933243971824023993e-02,-2.479412581831316742e-02,5.522337759305251392e-02,-2.013920631257141167e+02,1.702326911744583242e+02,2.585114704896759008e+02,3.000000000000000000e+00,1.000000000000000000e+00
1.699999999999999956e+00,-4.499999999999999833e-02,4.744009488018975478e-03,2.269205202723094394e-02,-3.224738681869025216e-03,5.500466284753847968e-02,4.785342685366852322e+01,-6.800389689300265772e+00,1.932759939127960180e+01,3.000000000000000000e+00,1.000000000000000000e+00
1.699999999999999956e+00,-4.499999999999999833e-02,5.038010076020151863e-03,1.776329830525025938e-02,-4.166560685334042002e-02,5.501872229871890285e-02,-4.122323209100398955e+00,9.669324649127387872e+00,5.098296256579276786e+01,3.000000000000000000e+00,1.000000000000000000e+00
1.699999999999999956e+00,-4.499999999999999833e-02,6.715013430026859319e-03,-4.124460051289145085e-02,-9.381917521712950653e-03,5.500512495886521885e-02,6.512261484746764495e+01,1.481345421460267886e+01,4.184066838070594940e+01,3.000000000000000000e+00,1.000000000000000000e+00
1.699999999999999956e+00,-4.499999999999999833e-02,1.155202310404620722e-02,-8.248742930596571904e-03,-2.999819256667493952e-02,5.504402182633541529e-02,-2.050730558192179487e+01,-7.457889123787973062e+01,5.720846738644794982e+01,3.000000000000000000e+00,1.000000000000000000e+00
1.800000000000000044e+00,4.499999999999999833e-02,1.607003214006427890e-03,-2.435545333626016468e-02,-2.900778174611595359e-02,5.500744930580404868e-02,-1.383460771697410330e+01,-1.647726591890845782e+01,3.511365758863053799e+01,3.000000000000000000e+00,1.000000000000000000e+00
1.800000000000000044e+00,4.499999999999999833e-02,3.309006618013235826e-03,2.400908748984167951e-02,4.208005241417436815e-02,5.503255777616036792e-02,3.238406105303727145e+01,5.675863304143654631e+01,5.073858711989058179e+01,3.000000000000000000e+00,1.000000000000000000e+00
1.800000000000000044e+00,4.499999999999999833e-02,3.509007018014035761e-03,-8.250253908243470810e-03,2.125539281606088696e-02,5.500468830137236059e-02,-1.417873874997499506e+01,3.652913778397270050e+01,1.266692829047625324e+01,3.000000000000000000e+00,1.000000000000000000e+00
1.800000000000000044e+00,4.499999999999999833e-02,3.534007068014135590e-03,-9.111584060363026906e-04,4.086217457751433607e-03,5.500202685069814634e-02,-5.507122494440673144e+00,2.469746196672439353e+01,3.248957657972784574e+01,3.000000000000000000e+00,1.000000000000000000e+00
1.800000000000000044e+00,4.499999999999999833e-02,7.480014960029919384e-03,-1.601866280184147465e-02,-3.879896292032903454e-02,5.505333320395842250e-02,4.766297228217365500e+01,1.154449604892220833e+02,1.179128161695442287e+02,3.000000000000000000e+00,1.000000000000000000e+00
1.800000000000000044e+00,0.000000000000000000e+00,4.586009172018343412e-03,-5.069185099382430594e-03,-1.370362454719128119e-02,5.500818107282001018e-02,-2.951500704008300957e+01,-7.978848021042620076e+01,7.444106126842329729e+01,3.000000000000000000e+00,1.000000000000000000e+00
1.800000000000000044e+00,0.000000000000000000e+00,5.429010858021715916e-03,3.866036724672737568e-02,2.510288986547827214e-02,5.500295482161609434e-02,-8.145558781696326633e+00,-5.289061629569147271e+00,4.001926175367459138e+01,3.000000000000000000e+00,1.000000000000000000e+00
1.800000000000000044e+00,0.000000000000000000e+00,5.810011620023239690e-03,3.616719187937289526e-02,3.360803088666193626e-03,5.500709324566014496e-02,2.201513849327642802e+01,2.045736525311674825e+00,3.474211063374585251e+01,3.000000000000000000e+00,1.000000000000000000e+00
1.800000000000000044e+00,0.000000000000000000e+00,8.003016006032011645e-03,-1.811866798231698966e-02,3.897812213234196424e-03,5.502637755453944346e-02,7.093419022535127283e+01,-1.525984985573924035e+01,5.973823523045731321e+01,3.000000000000000000e+00,1.000000000000000000e+00
1.800000000000000044e+00,0.000000000000000000e+00,8.856017712035422693e-03,-1.400449988200437937e-02,-4.902332975043948923e-03,5.501150128154877472e-02,-1.848502230989715445e+00,-6.470758340372712025e-01,4.113429158820658671e+01,3.000000000000000000e+00,1.000000000000000000e+00
1.800000000000000044e+00,-4.499999999999999833e-02,1.667003334006667828e-03,1.204015548582225946e-02,7.768738511730278670e-03,5.503716471906434232e-02,-5.207138453697849201e+01,-3.359831780310990723e+01,4.630777941879832582e+01,3.000000000000000000e+00,1.000000000000000000e+00
1.800000000000000044e+00,-4.499999999999999833e-02,1.803003606007211931e-03,8.819436450566102816e-04,3.958248311683849191e-02,5.500592534680083523e-02,-1.140232142123676740e+00,-5.117472048000395546e+01,3.040208107100393420e+01,3.000000000000000000e+00,1.000000000000000000e+00
1.800000000000000044e+00,-4.499999999999999833e-02,1.881003762007523936e-03,-4.844880945310417811e-03,-8.714788490623949025e-04,5.501922676692835856e-02,-2.210138699964860898e+00,-3.975513851125471732e-01,4.111961638828461929e+01,3.000000000000000000e+00,1.000000000000000000e+00
1.800000000000000044e+00,-4.499999999999999833e-02,4.593009186018371173e-03,3.162668308657872601e-02,-2.143379015498369719e-02,5.504202656596127868e-02,6.382580080064399652e+01,-4.325552626210630791e+01,6.518364662980036428e+01,3.000000000000000000e+00,1.000000000000000000e+00
1.800000000000000044e+00,-4.499999999999999833e-02,8.978017956035911490e-03,2.927551606301130246e-02,-3.373617612777728147e-02,5.503469498346645616e-02,4.722210792609051744e+00,-5.441725934705776702e+00,4.054570206789234277e+01,3.000000000000000000e+00,1.000000000000000000e+00
1.899999999999999911e+00,0.000000000000000000e+00,3.288006576013152021e-02,-4.480008105423981778e-03,-1.123991002686727629e-02,5.500605933531416830e-02,-7.383238664007174989e+00,-1.852383663989582629e+01,2.665068449133417872e+01,3.000000000000000000e+00,1.000000000000000000e+00
1.899999999999999911e+00,0.000000000000000000e+00,3.802007604015207598e-02,-2.155550601877419259e-02,1.287339362992699533e-05,5.500035718307531157e-02,-4.023248491986085185e+01,2.402767138160270474e-02,2.259977210654888680e+01,3.000000000000000000e+00,1.000000000000000000e+00
1.899999999999999911e+00,0.000000000000000000e+00,4.012208024416048791e-02,6.623982693417733436e-03,3.649441392755878311e-02,5.500636957180238262e-02,-6.805777016919178912e+00,-3.749599826107657918e+01,1.855706780476930007e+01,3.000000000000000000e+00,1.000000000000000000e+00
1.899999999999999911e+00,0.000000000000000000e+00,4.744309488618976556e-02,-1.337776429834029029e-02,-2.879239526505669722e-02,5.502832757957493159e-02,-3.395447746498079677e+00,-7.307878314984537660e+00,3.229503940270173246e+01,3.000000000000000000e+00,1.000000000000000000e+00
1.899999999999999911e+00,-4.499999999999999833e-02,1.457702915405830607e-02,1.236547827403447659e-02,-9.081756117888577229e-03,5.500017878938671251e-02,-2.576644989689377141e+01,1.892402451419580700e+01,9.266880639398399566e+00,3.000000000000000000e+00,1.000000000000000000e+00
1.899999999999999911e+00,-4.499999999999999833e-02,2.885705771411542497e-02,3.010308736449428257e-02,-2.802250152136464417e-02,5.500904010951446904e-02,4.428169270037246363e+00,-4.122114738731445627e+00,3.273076851961329226e+01,3.000000000000000000e+00,1.000000000000000000e+00
1.899999999999999911e+00,-4.499999999999999833e-02,6.373312746625492409e-02,-3.652243451346986916e-05,1.472657282570946722e-03,5.501079664753571324e-02,1.770090154376435132e+00,-7.137355960396327248e+01,6.316181210832414195e+01,3.000000000000000000e+00,1.000000000000000000e+00
2.000000000000000000e+00,4.499999999999999833e-02,2.983005966011931850e-03,4.460736823045596128e-02,2.567832973593255422e-03,5.502097210131695615e-02,1.120317019853212628e+02,6.449129591313981891e+00,1.067140342759406479e+02,3.000000000000000000e+00,1.000000000000000000e+00
2.000000000000000000e+00,4.499999999999999833e-02,3.569007138014275698e-03,1.107910549459566749e-03,-8.390500335165683573e-04,5.503938625835679693e-02,4.618095882600003677e+01,-3.497406453038727392e+01,4.637949694744045104e+01,3.000000000000000000e+00,1.000000000000000000e+00
2.000000000000000000e+00,4.499999999999999833e-02,1.501703003406006619e-02,-3.563899489823899730e-02,4.693376100099719067e-04,5.502614175721298739e-02,9.583141812210610055e+01,-1.262024613031279774e+00,8.933333641284789906e+01,3.000000000000000000e+00,1.000000000000000000e+00
2.000000000000000000e+00,4.499999999999999833e-02,1.705403410806821327e-02,9.914793870848101400e-04,-5.432964377345804105e-03,5.501793488044331298e-02,1.130287306010425930e+01,-6.193583799830144443e+01,5.252613213627962097e+01,3.000000000000000000e+00,1.000000000000000000e+00
2.000000000000000000e+00,4.499999999999999833e-02,2.875705751411502392e-02,1.772576890096229374e-02,-1.638901415124622424e-02,5.508336502012695785e-02,-8.182164442043585950e+01,7.565122256623644148e+01,1.058918342492173394e+02,3.000000000000000000e+00,1.000000000000000000e+00
2.000000000000000000e+00,0.000000000000000000e+00,1.451302902605805002e-02,-1.705408091484411637e-02,6.337687616937280610e-03,5.508494602542273605e-02,1.000858880608721790e+02,-3.719421155327956541e+01,1.009741845782216956e+02,3.000000000000000000e+00,1.000000000000000000e+00
2.000000000000000000e+00,-4.499999999999999833e-02,1.035502071004141926e-02,-6.394957676044088490e-03,5.677530926012763074e-03,5.504814752885008045e-02,8.245120402044690877e+01,-7.320130709641649958e+01,1.046509627011546968e+02,3.000000000000000000e+00,1.000000000000000000e+00
2.000000000000000000e+00,-4.499999999999999833e-02,2.248204496408992559e-02,7.437844635379987218e-03,-2.155367449470391508e-02,5.502468968629813800e-02,4.566973241621406743e+01,-1.323435208739020936e+02,1.356308355998103821e+02,3.000000000000000000e+00,1.000000000000000000e+00
2.000000000000000000e+00,-4.499999999999999833e-02,2.528905057810115417e-02,-1.699581319412466623e-02,2.257223091691298172e-02,5.500851894115166285e-02,-1.572293677503031617e+00,2.088171689840964795e+00,3.461178762144763965e+01,3.000000000000000000e+00,1.000000000000000000e+00
2.000000000000000000e+00,-4.499999999999999833e-02,4.053108106216211926e-02,-3.559999480185784687e-02,-1.379925604747861108e-03,5.502987884437937627e-02,-7.363254882860111650e+01,-2.854141974931589942e+00,6.500069201664418017e+01,3.000000000000000000e+00,1.000000000000000000e+00
2.100000000000000089e+00,4.499999999999999833e-02,1.630003260006519881e-04,2.463211924504603995e-02,-1.163744114655073346e-02,5.500490589058632668e-02,2.547387516142870254e+02,-1.203512860653794405e+02,2.779835142139579602e+02,3.000000000000000000e+00,0.000000000000000000e+00
2.100000000000000089e+00,4.499999999999999833e-02,2.933005866011731758e-03,1.805473394648258664e-02,-1.518850363639575804e-02,5.511053104236282585e-02,1.260591037709792914e+02,-1.060469327159131865e+02,1.582258516334846661e+02,3.000000000000000000e+00,1.000000000000000000e+00
2.100000000000000089e+00,0.000000000000000000e+00,4.400008800017599542e-04,-4.683772971642882060e-02,-3.560953633540938842e-03,5.502848248369449080e-02,-1.846689890731615833e+02,-1.403991422350574858e+01,1.794389179076056280e+02,3.000000000000000000e+00,0.000000000000000000e+00
2.100000000000000089e+00,0.000000000000000000e+00,1.679003358006715945e-03,2.296661522141839676e-02,-6.378044772637658094e-03,5.501783249529752090e-02,-1.308416779823232616e+02,3.633596297289820853e+01,1.278218191293777579e+02,3.000000000000000000e+00,1.000000000000000000e+00
2.100000000000000089e+00,0.000000000000000000e+00,7.773015546031091308e-03,7.975220431548224118e-03,1.175041828369981743e-02,5.501357954031951825e-02,2.718430255931616202e+01,4.005242595666145178e+01,1.554842994632727127e+01,3.000000000000000000e+00,1.000000000000000000e+00
2.100000000000000089e+00,-4.499999999999999833e-02,7.010014020028039082e-04,-5.786035012941348650e-03,4.603889231780852048e-02,5.505744851224423503e-02,-1.424228219482886892e+01,1.133243913769950382e+02,1.046127660767510861e+02,3.000000000000000000e+00,0.000000000000000000e+00
2.100000000000000089e+00,-4.499999999999999833e-02,8.030016060032119313e-04,1.701435177346306490e-02,2.514193379557286279e-02,5.501846576512743614e-02,3.429989931871911324e+01,5.068461081256496215e+01,4.054606527939548499e+01,3.000000000000000000e+00,1.000000000000000000e+00
2.100000000000000089e+00,-4.499999999999999833e-02,8.620017240034479489e-04,-9.233968268210886177e-03,-1.609314349623656992e-02,5.501505762070322408e-02,1.569715511065655100e+01,2.735731403237877757e+01,3.326569024115153894e+01,3.000000000000000000e+00,1.000000000000000000e+00
2.100000000000000089e+00,-4.499999999999999833e-02,5.561011122022243257e-03,-4.223638481164512792e-02,-9.788639244114299975e-03,5.500026998496931191e-02,1.146401819635292618e+01,2.656883133168203237e+00,4.430515450446844028e+01,3.000000000000000000e+00,1.000000000000000000e+00
2.200000000000000178e+00,4.499999999999999833e-02,6.700013400026799660e-05,2.150143130437570660e-03,-8.999706230309937466e-03,5.509451753941944918e-02,3.963674929221502907e+01,-1.659048155932698023e+02,1.597985823664920133e+02,3.000000000000000000e+00,0.000000000000000000e+00
2.200000000000000178e+00,4.499999999999999833e-02,3.156006312012623900e-03,-3.045840066422576386e-03,2.014152284066203676e-03,5.505428577362938419e-02,2.150337750049402530e+02,-1.421974757808918639e+02,2.507982330603275329e+02,3.000000000000000000e+00,1.000000000000000000e+00
2.200000000000000178e+00,4.499999999999999833e-02,4.986009972019943282e-03,2.440942161112299655e-02,-1.430216404222521380e-02,5.501987145711722399e-02,9.149083489255775703e+01,-5.360704361783042060e+01,8.766068211935730403e+01,3.000000000000000000e+00,1.000000000000000000e+00
2.200000000000000178e+00,0.000000000000000000e+00,3.400006800013599868e-04,-2.235593844561445213e-03,2.943555979657146160e-02,5.500614715332841770e-02,-9.077595212175832984e+00,1.195226482337583604e+02,1.039623651640180242e+02,3.000000000000000000e+00,0.000000000000000000e+00
2.200000000000000178e+00,0.000000000000000000e+00,9.850019700039399067e-04,-1.006826781269725378e-02,-4.697015058469967280e-02,5.501103961809183235e-02,-1.385276856054059991e+01,-6.462547852402259707e+01,2.843341108802424344e+01,3.000000000000000000e+00,1.000000000000000000e+00
2.200000000000000178e+00,0.000000000000000000e+00,1.435002870005739868e-03,-3.016926511882895776e-02,2.512255683002741907e-02,5.501562879077283308e-02,-2.975519224032873922e+01,2.477774997507370358e+01,4.539366085770173243e+01,3.000000000000000000e+00,1.000000000000000000e+00
2.200000000000000178e+00,0.000000000000000000e+00,1.581003162006323817e-03,-9.370287466339622881e-03,-3.197722096032456791e-03,5.501078976814455235e-02,-5.779547464515869848e+01,-1.972339343775286125e+01,1.301677122059642855e+01,3.000000000000000000e+00,1.000000000000000000e+00
2.200000000000000178e+00,0.000000000000000000e+00,2.287004574009147972e-03,4.774452035312752064e-03,-1.275831376915507673e-02,5.500924348839288797e-02,1.257901086419981551e+00,-3.361369353468946830e+00,5.955679378607087671e+01,3.000000000000000000e+00,1.000000000000000000e+00
2.200000000000000178e+00,0.000000000000000000e+00,5.976011952023903111e-03,-9.549403714124375664e-03,5.119783992505730526e-03,5.501582806673179643e-02,-1.910248170638278253e+01,1.024153789967358286e+01,5.558865800913967092e+01,3.000000000000000000e+00,1.000000000000000000e+00
2.200000000000000178e+00,-4.499999999999999833e-02,1.039002078004155893e-03,3.973710452553087802e-02,-2.360717453222607384e-02,5.516828387469578654e-02,1.993059071779856879e+02,-1.184044331421109177e+02,2.240146459912704415e+02,3.000000000000000000e+00,1.000000000000000000e+00
2.200000000000000178e+00,-4.499999999999999833e-02,1.316102632205264251e-02,-4.735503788717469005e-05,-1.595831833135995248e-02,5.500121975230461840e-02,1.924060212428360117e-01,6.483949064045486921e+01,2.538313931412776014e+01,3.000000000000000000e+00,1.000000000000000000e+00
2.200000000000000178e+00,-4.499999999999999833e-02,1.401402802805605530e-02,-5.259052961085526438e-03,1.516821167773104665e-04,5.522993993102813526e-02,2.407489987991057774e+02,-6.943706028464238678e+00,2.333418150932904211e+02,3.000000000000000000e+00,1.000000000000000000e+00
