5.000000000000000000e-01,4.500000000000000111e-01,2.480004960009920146e-03,-1.499447925095042655e-01,-2.708006563092079655e-01,6.000598500845819583e-01,-3.951449717372073422e+01,-7.136327703873888595e+01,6.617455192038156042e+01,3.000000000000000000e+00,0.000000000000000000e+00
5.000000000000000000e-01,4.500000000000000111e-01,2.510005020010040114e-03,3.150393120589004559e-01,2.442898375042495268e-02,6.006313645179855998e-01,8.147233503539956700e+01,6.317580925636495870e+00,6.635217954322116896e+01,3.000000000000000000e+00,0.000000000000000000e+00
5.000000000000000000e-01,4.500000000000000111e-01,3.630007260014520096e-03,6.471744733342782961e-03,-1.491208399976069743e-01,6.001039823514613403e-01,1.616568346498361120e+00,-3.724869253594082608e+01,2.974832912754178338e+01,3.000000000000000000e+00,0.000000000000000000e+00
5.000000000000000000e-01,4.500000000000000111e-01,2.231004462008924147e-02,-4.103709829632663508e-01,-1.014401090161320407e-01,6.003514613254787857e-01,1.108626593812460115e+01,2.740427739857836720e+00,4.631010945882444219e+01,3.000000000000000000e+00,1.000000000000000000e+00
5.000000000000000000e-01,4.500000000000000111e-01,3.332006664013328207e-02,2.816721372136424262e-02,-1.116082589201035646e-01,6.001617474836141719e-01,-1.657955921686127709e+01,6.569395738469142998e+01,4.812002021976464761e+01,3.000000000000000000e+00,1.000000000000000000e+00
5.000000000000000000e-01,0.000000000000000000e+00,9.170018340036681370e-03,-1.741507183071349871e-02,-5.846180419013981000e-01,6.000270967110129527e-01,-8.595199100757845656e+00,-2.885379122683647779e+02,2.846980203461761789e+02,3.000000000000000000e+00,1.000000000000000000e+00
5.000000000000000000e-01,0.000000000000000000e+00,9.800019600039200710e-03,-3.260802339262440230e-01,1.246121971245790494e-01,6.001677507403333500e-01,-1.598337925962040629e+01,6.108079545438623192e+00,4.452262825178041794e+01,3.000000000000000000e+00,1.000000000000000000e+00
5.000000000000000000e-01,0.000000000000000000e+00,1.109002218004436109e-02,-8.452237868616030436e-02,-1.040865655345740541e-02,6.011999174447602012e-01,1.483699145378429591e+02,1.827127332779544844e+01,1.416772017448443250e+02,3.000000000000000000e+00,1.000000000000000000e+00
5.000000000000000000e-01,0.000000000000000000e+00,2.222004444008888330e-02,-6.572786047650381637e-03,1.768284626177817065e-01,6.000523526360811433e-01,9.342614823613225594e-01,-2.513455031265668183e+01,4.052681841447230227e+01,3.000000000000000000e+00,1.000000000000000000e+00
5.000000000000000000e-01,0.000000000000000000e+00,6.934013868027736338e-01,-3.283114689019114296e-01,-1.893340128092790287e-01,6.004704962775583299e-01,-1.248350083598549674e+02,-7.199112827494782607e+01,1.359833092249506308e+02,3.000000000000000000e+00,1.000000000000000000e+00
5.000000000000000000e-01,-4.500000000000000111e-01,1.095002190004380066e-02,4.208441915580957149e-01,-1.342816057162910248e-01,6.001326467900818251e-01,4.985593915016582400e+01,-1.590787207681796822e+01,2.153215241960116089e+01,3.000000000000000000e+00,1.000000000000000000e+00
5.000000000000000000e-01,-4.500000000000000111e-01,1.737003474006948087e-02,4.211425458035860658e-01,2.288735074673512448e-01,6.000040964176810432e-01,1.088483671931128427e+01,5.915457326698387419e+00,4.606049466675806769e+01,3.000000000000000000e+00,1.000000000000000000e+00
5.000000000000000000e-01,-4.500000000000000111e-01,9.022018044036088369e-02,-7.471093213461843519e-02,-2.797030368312798387e-01,6.000216022240009162e-01,2.807624956131690297e+01,1.051119567211942325e+02,9.778424085940972077e+01,3.000000000000000000e+00,1.000000000000000000e+00
5.000000000000000000e-01,-4.500000000000000111e-01,1.257802515605031257e-01,-1.236642259017485812e-01,-6.233270206315328493e-02,6.002448068546770710e-01,3.589083993427885844e+01,1.809070502085353382e+01,2.568298026703567771e+01,3.000000000000000000e+00,1.000000000000000000e+00
5.000000000000000000e-01,-4.500000000000000111e-01,7.520215040430081599e-01,5.586461837371978212e-03,-2.008532736572774934e-03,6.001557739548506465e-01,-1.794172379112714850e+02,6.450691087422022463e+01,1.845986059955704945e+02,3.000000000000000000e+00,1.000000000000000000e+00
5.999999999999999778e-01,4.500000000000000111e-01,4.060008120016240368e-03,-2.637899257748735349e-01,-2.856845297843539286e-02,6.000331189594295678e-01,-5.363627758972961601e+01,-5.808809679745749577e+00,2.872337932028132101e+01,3.000000000000000000e+00,0.000000000000000000e+00
5.999999999999999778e-01,4.500000000000000111e-01,6.240012480024960395e-03,-1.212666543992790419e-01,1.900676686805979551e-02,6.013625913795307421e-01,-2.637320276602356444e+02,4.133612154314196374e+01,2.598607940703135455e+02,3.000000000000000000e+00,1.000000000000000000e+00
5.999999999999999778e-01,4.500000000000000111e-01,1.819003638007276116e-02,-1.028007069936814552e-02,1.057800630875547487e-01,6.000785481740762428e-01,5.250063395044486825e+00,-5.402220017568372867e+01,2.810095702429323694e+01,3.000000000000000000e+00,1.000000000000000000e+00
5.999999999999999778e-01,4.500000000000000111e-01,2.515005030010060080e-02,-1.379916274183089764e-01,1.189309241081026591e-01,6.002669000027057722e-01,-2.942791654139620405e+01,2.536305552970191357e+01,4.718408847678082196e+01,3.000000000000000000e+00,1.000000000000000000e+00
5.999999999999999778e-01,4.500000000000000111e-01,2.696005392010784180e-02,4.770872108490114422e-02,2.016365714112650920e-01,6.001860745615150705e-01,1.097129865139280191e+01,4.636919610692071814e+01,3.827732124188785434e+01,3.000000000000000000e+00,1.000000000000000000e+00
5.999999999999999778e-01,4.500000000000000111e-01,5.310010620021240330e-02,-1.921723714334153676e-01,-2.028484572838681332e-01,6.001367978734534203e-01,8.713450255050311455e+01,9.197523705790013082e+01,1.109785596564748857e+02,3.000000000000000000e+00,1.000000000000000000e+00
5.999999999999999778e-01,4.500000000000000111e-01,5.349010698021396115e-02,-2.100712602081178382e-01,-7.596322070846582564e-02,6.001548303196467815e-01,-2.519191469398256089e+01,-9.109570600338761537e+00,5.493640159933441680e+01,3.000000000000000000e+00,1.000000000000000000e+00
5.999999999999999778e-01,4.500000000000000111e-01,7.226014452028904633e-02,1.717251433972842301e-01,1.943379855054621907e-01,6.006046709125266725e-01,3.283300739320043071e+00,3.715647218950616004e+00,6.091829745777773297e+01,3.000000000000000000e+00,1.000000000000000000e+00
5.999999999999999778e-01,0.000000000000000000e+00,5.230010460020920009e-03,1.809808106362941760e-01,2.334664865129418010e-01,6.004462441156752650e-01,1.721974629278973623e+01,2.221359077510685154e+01,5.427395126248729440e+01,3.000000000000000000e+00,0.000000000000000000e+00
5.999999999999999778e-01,0.000000000000000000e+00,2.972005944011888237e-02,-7.032259405420752951e-02,2.501370303490018168e-02,6.000276316442074709e-01,-2.817020403334828060e+00,1.002012408102511243e+00,6.104658410047206019e+01,3.000000000000000000e+00,1.000000000000000000e+00
5.999999999999999778e-01,-4.500000000000000111e-01,7.510015020030040220e-03,1.391301226507544453e-01,1.067609333116784354e-01,6.003465939739288659e-01,8.349542946502198859e+00,6.406987794671394454e+00,6.020681608537567797e+01,3.000000000000000000e+00,0.000000000000000000e+00
5.999999999999999778e-01,-4.500000000000000111e-01,4.531009062018124395e-02,-2.252747865240491143e-02,-1.847607630184357475e-01,6.000106350284285517e-01,-2.300259708246553958e-01,-1.886574815557020557e+00,6.109020368825803615e+01,3.000000000000000000e+00,1.000000000000000000e+00
6.999999999999999556e-01,4.500000000000000111e-01,1.979003958007916064e-02,-3.402763832603450389e-01,-1.823325223501019166e-01,6.006768592307323296e-01,-9.744226891600774820e+01,-5.221312894165545515e+01,8.561986146076063164e+01,3.000000000000000000e+00,1.000000000000000000e+00
6.999999999999999556e-01,4.500000000000000111e-01,3.248006496012992295e-02,3.843282273882072664e-01,6.401684642385838120e-02,6.000952902741917283e-01,1.090251601923409730e+01,1.816012054019501942e+00,6.905275645104735815e+01,3.000000000000000000e+00,1.000000000000000000e+00
6.999999999999999556e-01,4.500000000000000111e-01,4.813009626019252446e-02,-5.663098360899676553e-02,1.748386166411030826e-02,6.004064174310057567e-01,-9.624426180131504527e-01,2.971379361723435197e-01,6.992446883653519762e+01,3.000000000000000000e+00,1.000000000000000000e+00
6.999999999999999556e-01,4.500000000000000111e-01,5.099010198020396262e-02,3.051745925240184620e-01,-1.224751918410974388e-01,6.005112354816055653e-01,-3.049243336158257023e+01,1.223747558659401236e+01,6.173250057931092982e+01,3.000000000000000000e+00,1.000000000000000000e+00
6.999999999999999556e-01,4.500000000000000111e-01,5.172010344020688127e-02,-1.339559735664115347e-01,-3.719047044243591338e-01,6.005588889799192698e-01,-4.256461369637587921e+01,-1.181730060573863739e+02,1.043367613592789382e+02,3.000000000000000000e+00,1.000000000000000000e+00
6.999999999999999556e-01,0.000000000000000000e+00,1.961003922007844083e-02,1.735569966006978715e-01,4.319399912065624014e-01,6.009259296632407654e-01,5.968137847478789837e+01,1.485320361523912140e+02,1.439902315138373012e+02,3.000000000000000000e+00,1.000000000000000000e+00
6.999999999999999556e-01,-4.500000000000000111e-01,1.374002748005496120e-02,7.296961538869828345e-02,3.336879480253260866e-01,6.003213541289437183e-01,2.787217732882078636e+01,1.274586635863320936e+02,1.101459180516706624e+02,3.000000000000000000e+00,1.000000000000000000e+00
6.999999999999999556e-01,-4.500000000000000111e-01,5.663011326022652364e-02,3.916417633575259294e-01,2.391685969417437774e-01,6.005671623377770718e-01,1.013002373912532903e+02,6.186223716037749654e+01,9.590739571687576870e+01,3.000000000000000000e+00,1.000000000000000000e+00
6.999999999999999556e-01,-4.500000000000000111e-01,6.049012098024196538e-02,2.822901119066388576e-02,-1.337908360923923540e-02,6.008892316659987243e-01,-1.173579563562813064e+02,5.562156958649422478e+01,1.094358396256472759e+02,3.000000000000000000e+00,1.000000000000000000e+00
6.999999999999999556e-01,-4.500000000000000111e-01,8.967017934035868831e-02,1.704088290721091081e-01,-2.121517788432965637e-02,6.003449449310805930e-01,3.274168591309192777e+01,-4.076201301664615251e+00,6.165883971771125971e+01,3.000000000000000000e+00,1.000000000000000000e+00
8.000000000000000444e-01,-4.500000000000000111e-01,1.224002448004896104e-02,-2.205391610482992926e-01,-2.565285437624799103e-01,6.004402209730136386e-01,-8.063107868022019176e+00,-9.378911707796222075e+00,7.485193928008258979e+01,3.000000000000000000e+00,0.000000000000000000e+00
1.500000000000000000e+00,4.500000000000000111e-01,1.612703225406451057e-01,-7.385946396802268348e-04,8.431847052395990971e-02,6.006734547121670431e-01,3.760837074124839113e-02,-4.293397392063827311e+00,7.039587255985080105e+01,3.000000000000000000e+00,1.000000000000000000e+00
1.500000000000000000e+00,0.000000000000000000e+00,1.385002770005540167e-02,1.377007974939074841e-02,1.000018336198857903e-02,6.003996977391315992e-01,1.108444266314446036e+00,8.049805165565248055e-01,7.051338104710994514e+01,3.000000000000000000e+00,1.000000000000000000e+00
1.500000000000000000e+00,0.000000000000000000e+00,3.407006814013627954e-02,-1.346522066978674548e-01,-2.729738354848629256e-01,6.007596058518770432e-01,5.092942283292268968e+01,1.032467289669261419e+02,9.099274478465879668e+01,3.000000000000000000e+00,1.000000000000000000e+00
1.500000000000000000e+00,0.000000000000000000e+00,5.745011490022980394e-02,2.654980971679725688e-01,2.854506567143431650e-01,6.003325156610038738e-01,9.128291650120833367e+01,9.814295748261247354e+01,1.139763019201007808e+02,3.000000000000000000e+00,1.000000000000000000e+00
1.500000000000000000e+00,0.000000000000000000e+00,8.965017930035860949e-02,-2.770090317599840923e-01,-4.889110036650913815e-01,6.007418580642525097e-01,-5.313199132742800401e+01,-9.377605864174937267e+01,8.150425834139107906e+01,3.000000000000000000e+00,1.000000000000000000e+00
1.500000000000000000e+00,0.000000000000000000e+00,1.373602747205494579e-01,9.923183983373315420e-03,5.124157714285226123e-02,6.005657526355555609e-01,-7.181105037153902027e-01,-3.708196364704532400e+00,7.042547228129699022e+01,3.000000000000000000e+00,1.000000000000000000e+00
1.500000000000000000e+00,-4.500000000000000111e-01,1.547003094006188170e-02,5.793522632931972227e-01,1.433903374613688664e-01,6.007481969442474146e-01,1.281488837742913347e+02,3.171699301775936419e+01,1.115978965288635720e+02,3.000000000000000000e+00,1.000000000000000000e+00
1.500000000000000000e+00,-4.500000000000000111e-01,1.945003890007779984e-02,-1.953407960858074000e-01,1.412066371237971352e-01,6.001476787998023532e-01,-1.110510877773119063e+02,8.027586130592783320e+01,1.174842306691170961e+02,3.000000000000000000e+00,1.000000000000000000e+00
1.500000000000000000e+00,-4.500000000000000111e-01,2.757105514211028452e-01,2.867702689123093340e-01,-4.019630373793715017e-01,6.004574777835306465e-01,5.872104312133858173e+01,-8.230870285357329408e+01,7.244908502995359356e+01,3.000000000000000000e+00,1.000000000000000000e+00
1.600000000000000089e+00,4.500000000000000111e-01,1.472002944005888075e-02,-5.042653338620771697e-01,4.834958566492723181e-02,6.001319075152350413e-01,-4.626632462726306017e+01,4.436072590663047599e+00,4.141843066423495401e+01,3.000000000000000000e+00,1.000000000000000000e+00
1.600000000000000089e+00,4.500000000000000111e-01,3.496006992013984266e-02,1.448483360962523614e-01,2.977790893761282365e-01,6.019150915838819005e-01,9.243960049531783341e+01,1.900372541352442397e+02,2.019492504709151319e+02,3.000000000000000000e+00,1.000000000000000000e+00
1.600000000000000089e+00,0.000000000000000000e+00,9.410018820037641119e-03,-4.888703604290202676e-01,-1.310173897441665736e-01,6.009734269626594294e-01,-2.338020755084845348e+02,-6.265901991482737543e+01,2.339098658789938270e+02,3.000000000000000000e+00,1.000000000000000000e+00
1.600000000000000089e+00,0.000000000000000000e+00,2.896005792011584201e-02,-2.089050900852088555e-01,-6.514575684276605050e-02,6.008066625368360114e-01,-1.247306189798849090e+02,-3.889647002663618736e+01,1.148691636532854403e+02,3.000000000000000000e+00,1.000000000000000000e+00
1.600000000000000089e+00,0.000000000000000000e+00,4.930009860019720497e-02,-7.398285321691331351e-01,-2.442750167524714022e-01,6.001111228779792972e-01,-5.776175625830128268e+01,-1.907165426058955049e+01,1.325101697810728929e+01,3.000000000000000000e+00,1.000000000000000000e+00
1.600000000000000089e+00,0.000000000000000000e+00,1.028902057804115672e-01,2.411043833503523012e-02,-4.277668996379367927e-01,6.009614747832292547e-01,7.842803205054398319e+00,-1.391468526982969820e+02,1.246900887990774152e+02,3.000000000000000000e+00,1.000000000000000000e+00
1.600000000000000089e+00,-4.500000000000000111e-01,8.370016740033479896e-03,5.052329069956132618e-04,1.795026519181866231e-01,6.013222498823830309e-01,-5.107781262208974660e-01,-1.814727958708541280e+02,1.704608418442369384e+02,3.000000000000000000e+00,1.000000000000000000e+00
1.600000000000000089e+00,-4.500000000000000111e-01,1.000002000004000108e-02,-4.953591089045986801e-02,-1.930647295276846365e-01,6.004279208217296882e-01,6.107174415274740475e+00,2.380252942700009910e+01,5.720034918399682056e+01,3.000000000000000000e+00,1.000000000000000000e+00
1.600000000000000089e+00,-4.500000000000000111e-01,1.066002132004264039e-02,-2.912871747198060302e-01,3.953543957088643257e-01,6.000321493355882385e-01,-1.284353109198329150e+02,1.743209764907555837e+02,2.073829645909513033e+02,3.000000000000000000e+00,1.000000000000000000e+00
1.600000000000000089e+00,-4.500000000000000111e-01,1.332002664005328164e-02,-4.698998405744366780e-01,-1.309773860037009852e-01,6.001867293056826203e-01,-4.603396078062522179e+01,-1.283126174946687925e+01,3.989951265363382760e+01,3.000000000000000000e+00,1.000000000000000000e+00
1.600000000000000089e+00,-4.500000000000000111e-01,2.440004880009760332e-02,7.131163990734290525e-02,-1.341785410650583182e-02,6.001529306761232974e-01,4.632136861802755590e+01,-8.715735144193732964e+00,4.067068604636558860e+01,3.000000000000000000e+00,1.000000000000000000e+00
1.600000000000000089e+00,-4.500000000000000111e-01,3.319006638013276278e-02,-7.121510578759016052e-02,1.276284484312122380e-01,6.012120790980661766e-01,-8.374314849041884656e+01,1.500806323373985265e+02,1.601916764025171460e+02,3.000000000000000000e+00,1.000000000000000000e+00
1.699999999999999956e+00,4.500000000000000111e-01,6.460012920025840454e-03,3.568577176275741086e-02,-7.615159081650312023e-02,6.017628655568886265e-01,1.288855358194132918e+02,-2.750350658277878324e+02,2.992424049471553644e+02,3.000000000000000000e+00,1.000000000000000000e+00
1.699999999999999956e+00,4.500000000000000111e-01,3.166006332012664265e-02,1.748096211994996096e-01,-5.971205957482097343e-02,6.000008584715520454e-01,-6.508193165912868494e+01,2.223090556348186198e+01,4.494573540237612974e+01,3.000000000000000000e+00,1.000000000000000000e+00
1.699999999999999956e+00,4.500000000000000111e-01,3.708007416014832275e-02,2.929443612440483236e-01,1.927783843551022711e-02,6.001623248496155139e-01,4.548406123881316176e+01,2.993177203442898282e+00,2.513946943052341609e+01,3.000000000000000000e+00,1.000000000000000000e+00
1.699999999999999956e+00,4.500000000000000111e-01,7.810015620031240946e-02,-5.155545039701121823e-02,-3.523297409085877074e-01,6.001899344039502981e-01,-6.708838244648388738e+00,-4.584817361369869104e+01,2.372105236895748348e+01,3.000000000000000000e+00,1.000000000000000000e+00
1.699999999999999956e+00,0.000000000000000000e+00,6.530013060026120669e-03,-2.999968314035718342e-02,-7.546047820674652018e-02,6.024535960885404329e-01,9.821513409191305755e+01,2.470479755082967586e+02,2.607089620777255163e+02,3.000000000000000000e+00,1.000000000000000000e+00
1.699999999999999956e+00,0.000000000000000000e+00,5.769011538023076369e-02,-5.388278799007704123e-01,8.139093353319890034e-02,6.000530363620254493e-01,-5.770908896505115138e+01,8.717063090871713271e+00,2.639269365394311251e+01,3.000000000000000000e+00,1.000000000000000000e+00
1.699999999999999956e+00,0.000000000000000000e+00,1.928003856007712291e-01,-2.058615803086079610e-01,-1.636800220322841282e-01,6.008987604363686952e-01,1.184031638777592690e+02,9.414205624551740925e+01,1.420291664081788099e+02,3.000000000000000000e+00,1.000000000000000000e+00
1.699999999999999956e+00,-4.500000000000000111e-01,7.730015460030920278e-03,-1.058759274070785600e-01,6.280525210285675675e-02,6.002110469682572225e-01,1.541756182073391415e+02,-9.145646991497305578e+01,1.715361631817851844e+02,3.000000000000000000e+00,1.000000000000000000e+00
1.699999999999999956e+00,-4.500000000000000111e-01,1.447002894005788159e-02,-1.716000494523690356e-01,-1.613237481915670846e-01,6.003508619483706177e-01,-5.081998259696709397e+01,-4.777661837357765506e+01,4.642762146152845304e+01,3.000000000000000000e+00,1.000000000000000000e+00
1.699999999999999956e+00,-4.500000000000000111e-01,1.080702161404322875e-01,-3.390639684418565725e-02,5.206678756440293737e-02,6.018507285028430465e-01,1.658247280571349336e+02,-2.546410616366119086e+02,2.993829635213867846e+02,3.000000000000000000e+00,1.000000000000000000e+00
1.800000000000000044e+00,4.500000000000000111e-01,1.701003402006804124e-02,-1.838755446055574394e-01,2.617157933102210593e-02,6.003883645783937295e-01,-9.965027831767969246e+00,1.418353468344165647e+00,3.993184325632236664e+01,3.000000000000000000e+00,1.000000000000000000e+00
1.800000000000000044e+00,4.500000000000000111e-01,6.903013806027612220e-02,2.686799180465455072e-01,3.356907222673544133e-01,6.001757311677098361e-01,3.833471721490114703e+01,4.789568570419377380e+01,4.547176751485230994e+01,3.000000000000000000e+00,1.000000000000000000e+00
1.800000000000000044e+00,4.500000000000000111e-01,1.097502195004390058e-01,-1.110776116241865424e-01,-1.231943498383012842e-01,6.004702622784117150e-01,-8.893226488721259670e+01,-9.863331045951686349e+01,1.262600968559592474e+02,3.000000000000000000e+00,1.000000000000000000e+00
1.800000000000000044e+00,4.500000000000000111e-01,1.558603117206234512e-01,9.919068266838246273e-02,-2.563860274954509189e-01,6.004816087834986549e-01,4.990561133588882115e+01,-1.289949932385835041e+02,1.320394361974271078e+02,3.000000000000000000e+00,1.000000000000000000e+00
1.800000000000000044e+00,0.000000000000000000e+00,2.105004210008420279e-02,3.733083365813488763e-02,-2.668977027832775042e-03,6.000976911838846739e-01,1.031970014367465494e+00,-7.378094705792645480e-02,4.116789047738382834e+01,3.000000000000000000e+00,1.000000000000000000e+00
1.800000000000000044e+00,0.000000000000000000e+00,2.335004670009340269e-02,1.022074611537379524e-01,-1.406030126264461999e-01,6.007363392053480800e-01,4.997611152299597137e+01,-6.875028261312365885e+01,7.435285784855032887e+01,3.000000000000000000e+00,1.000000000000000000e+00
1.800000000000000044e+00,0.000000000000000000e+00,3.283006566013132316e-02,9.523451494694064323e-02,-4.191360529108011379e-01,6.001035588406419263e-01,7.079615352314034382e+00,-3.115805269285856838e+01,2.597923037637760402e+01,3.000000000000000000e+00,1.000000000000000000e+00
1.800000000000000044e+00,0.000000000000000000e+00,4.112008224016448082e-02,-6.263120708621745525e-01,-1.839462822809444578e-02,6.003710237341679523e-01,-6.442297027031747803e+01,-1.892086457539709166e+00,4.957855864702444393e+01,3.000000000000000000e+00,1.000000000000000000e+00
1.800000000000000044e+00,0.000000000000000000e+00,1.563703127406254889e-01,-1.868540677177705500e-01,2.140427807201791544e-01,6.020671009811298102e-01,1.657537329790027343e+02,-1.898721839717440503e+02,2.486561493922436341e+02,3.000000000000000000e+00,1.000000000000000000e+00
1.800000000000000044e+00,-4.500000000000000111e-01,8.380016760033521042e-03,4.179034357748338119e-02,-1.944553774901482471e-02,6.001976780222044727e-01,-1.134541464552507790e+02,5.279154701341883538e+01,1.181648220574250701e+02,3.000000000000000000e+00,1.000000000000000000e+00
1.800000000000000044e+00,-4.500000000000000111e-01,1.275002550005100051e-02,6.506029370683719809e-03,6.210105745480155870e-02,6.000748379095686147e-01,-3.443232512601247297e+00,-3.286618733368310075e+01,2.457282019036452780e+01,3.000000000000000000e+00,1.000000000000000000e+00
1.800000000000000044e+00,-4.500000000000000111e-01,7.421014842029684255e-02,3.178081974179619920e-03,1.415405424809395019e-01,6.002286732386881152e-01,-3.546791312253503747e+00,-1.579615536923343200e+02,1.525403768233588835e+02,3.000000000000000000e+00,1.000000000000000000e+00
1.899999999999999911e+00,4.500000000000000111e-01,1.490702981405963023e-01,2.198618321895934591e-01,-1.067395584755403415e-01,6.000455139848341890e-01,-1.221546834723908503e+01,5.930423143362109961e+00,3.038940827469585315e+01,3.000000000000000000e+00,1.000000000000000000e+00
1.899999999999999911e+00,4.500000000000000111e-01,5.442510885021770717e-01,-2.707555999168879679e-01,3.653226622618880315e-01,6.001275079181025429e-01,-3.923884666168103763e+01,5.294383544024719157e+01,5.687559298657916429e+01,3.000000000000000000e+00,1.000000000000000000e+00
1.899999999999999911e+00,0.000000000000000000e+00,1.619603239206478529e-01,-3.389815964574995066e-02,-2.237068941456756277e-01,6.000961407996875385e-01,4.274816387492513137e+00,2.821114500264424763e+01,1.713945633271030999e+01,3.000000000000000000e+00,1.000000000000000000e+00
1.899999999999999911e+00,0.000000000000000000e+00,1.970103940207880433e-01,1.014462106177299594e-02,-1.234568494552966411e-03,6.005085386063909736e-01,-6.895449127100886244e+01,8.391544835862964291e+00,6.096914113129738411e+01,3.000000000000000000e+00,1.000000000000000000e+00
1.899999999999999911e+00,0.000000000000000000e+00,3.521907043814088145e-01,9.754400226263554297e-02,-2.061752135532314845e-01,6.001117714541570614e-01,-2.063544546653536216e+01,4.361639134266363982e+01,3.493289971460801979e+01,3.000000000000000000e+00,1.000000000000000000e+00
1.899999999999999911e+00,0.000000000000000000e+00,2.509505019010038307e+00,-4.097411872860763360e-01,-7.771127925637270895e-02,6.004814461614745857e-01,-1.144479084227705670e+02,-2.170612486058061563e+01,1.116314287193446120e+02,3.000000000000000000e+00,1.000000000000000000e+00
1.899999999999999911e+00,-4.500000000000000111e-01,1.213502427004854167e-01,3.161253253274409758e-01,-2.285243914057429604e-01,6.018471736854047460e-01,1.615032770803993287e+02,-1.167493874987857083e+02,1.964836488570028052e+02,3.000000000000000000e+00,1.000000000000000000e+00
1.899999999999999911e+00,-4.500000000000000111e-01,3.406806813613627583e-01,-9.137609822071957044e-02,2.790616929294505513e-02,6.006233750066682919e-01,-7.923387420991794272e+01,2.419794618616737125e+01,7.586595877634364626e+01,3.000000000000000000e+00,1.000000000000000000e+00
2.000000000000000000e+00,4.500000000000000111e-01,1.098402196804393743e-01,-1.869756305311591760e-01,1.940180789429636898e-01,6.002637540097447433e-01,-3.286687079555288449e+01,3.410480346827365139e+01,3.222670328678334783e+01,3.000000000000000000e+00,1.000000000000000000e+00
2.000000000000000000e+00,4.500000000000000111e-01,1.541403082806165614e-01,2.847877944953743357e-01,2.247661423382983914e-01,6.008485745671832134e-01,8.079792682905215884e+01,6.376901915502117646e+01,9.690193173048491815e+01,3.000000000000000000e+00,1.000000000000000000e+00
2.000000000000000000e+00,0.000000000000000000e+00,4.475008950017900222e-02,4.168910053081328893e-02,1.169544020365040349e-01,6.003479736058392469e-01,-1.730728159947626565e+01,-4.855376452289545597e+01,3.810776344711908337e+01,3.000000000000000000e+00,1.000000000000000000e+00
2.000000000000000000e+00,-4.500000000000000111e-01,7.035014070028140776e-02,-1.036342243100472765e-01,1.322012003959532889e-01,6.000755700239680523e-01,-9.599452601391179840e+00,1.224556043620264667e+01,3.102749055472772355e+01,3.000000000000000000e+00,1.000000000000000000e+00
2.000000000000000000e+00,-4.500000000000000111e-01,9.969019938039876128e-02,6.403785265583272768e-02,-2.957445957688201732e-01,6.002293371149560741e-01,2.318748510735008139e+01,-1.070862486102826239e+02,1.039245673373725225e+02,3.000000000000000000e+00,1.000000000000000000e+00
2.100000000000000089e+00,4.500000000000000111e-01,9.900019800039600460e-04,-5.057941912500843462e-02,1.598961511981474848e-01,6.012212146078536046e-01,-6.870648198247694438e+01,2.172010319891366805e+02,2.231489177807052897e+02,3.000000000000000000e+00,0.000000000000000000e+00
2.100000000000000089e+00,4.500000000000000111e-01,3.061006122012244202e-02,2.230598607271433095e-02,-2.207165483740544942e-01,6.002004036282769794e-01,1.873803537996398916e+01,-1.854118656263281366e+02,1.806301315619348884e+02,3.000000000000000000e+00,1.000000000000000000e+00
2.100000000000000089e+00,4.500000000000000111e-01,4.027008054016108229e-02,1.494121443578921293e-01,1.115428714833626156e-01,6.005621653293020668e-01,-2.261179206794973595e+02,-1.688071761156272714e+02,2.784308662912526415e+02,3.000000000000000000e+00,1.000000000000000000e+00
2.100000000000000089e+00,4.500000000000000111e-01,6.564013128026256749e-02,4.142266537961659667e-01,-2.813195751414206969e-01,6.001271070483340520e-01,3.431256761086778084e+01,-2.330317678459827846e+01,1.952022316854578321e+01,3.000000000000000000e+00,1.000000000000000000e+00
2.100000000000000089e+00,4.500000000000000111e-01,2.283704567409134967e-01,3.160254996517762316e-01,-5.005510542069188488e-03,6.001257344268122740e-01,4.768478751636490642e+01,-7.552767320113350502e-01,1.315218409878540307e+01,3.000000000000000000e+00,1.000000000000000000e+00
2.100000000000000089e+00,0.000000000000000000e+00,4.132008264016528293e-02,-4.762256630023704168e-02,2.881832747132460071e-01,6.003820110150434042e-01,-1.324239679244332457e+01,8.013506136226862964e+01,6.704893493179908148e+01,3.000000000000000000e+00,1.000000000000000000e+00
2.100000000000000089e+00,0.000000000000000000e+00,4.809009618019236681e-02,-2.131610198468217032e-01,-3.134087598838223299e-01,6.002673809226999335e-01,-3.766778428151654623e+01,-5.538260967096328358e+01,4.883304178310723387e+01,3.000000000000000000e+00,1.000000000000000000e+00
2.100000000000000089e+00,-4.500000000000000111e-01,8.160016320032640116e-03,1.291479003010473359e-01,1.042269326096023074e-01,6.000566203511713548e-01,-1.372775297978014066e+02,-1.107878317316415320e+02,1.703456321433876042e+02,3.000000000000000000e+00,1.000000000000000000e+00
2.100000000000000089e+00,-4.500000000000000111e-01,8.630017260034520202e-03,9.823003362641370695e-02,-1.154885142805057718e-01,6.002144007784164792e-01,1.662824434401700557e+01,-1.954973609891329289e+01,3.798340118200261628e+01,3.000000000000000000e+00,0.000000000000000000e+00
2.100000000000000089e+00,-4.500000000000000111e-01,3.923007846015692107e-02,4.159412273230644885e-02,-1.647949802329592706e-01,6.000272214102085888e-01,-1.722007389444341285e+01,6.822554607795821369e+01,5.338376743647122424e+01,3.000000000000000000e+00,1.000000000000000000e+00
2.100000000000000089e+00,-4.500000000000000111e-01,8.548017096034192519e-02,-1.045127235309637886e-01,3.896098467995710579e-01,6.000444773650391861e-01,-9.604185836560500178e+00,3.580315626649522898e+01,2.696892791024846403e+01,3.000000000000000000e+00,1.000000000000000000e+00
2.100000000000000089e+00,-4.500000000000000111e-01,9.617019234038469422e-02,2.381984566999880704e-01,3.654855764550810071e-02,6.024565534938997047e-01,2.849059059943825787e+02,4.371522835640304550e+01,2.845715498848716720e+02,3.000000000000000000e+00,1.000000000000000000e+00
2.100000000000000089e+00,-4.500000000000000111e-01,1.443002886005771979e-01,-4.272053616000768828e-01,-1.780188076955711296e-01,6.002835907730371678e-01,-2.876990626819033992e+01,-1.198857709134053984e+01,3.361541267780259545e+01,3.000000000000000000e+00,1.000000000000000000e+00
2.200000000000000178e+00,4.500000000000000111e-01,9.200018400036800471e-04,-6.956995852714253914e-02,1.404210679351670654e-01,6.001764499658391872e-01,-8.921388933369951246e+01,1.800706782080414712e+02,1.918975622440248117e+02,3.000000000000000000e+00,0.000000000000000000e+00
2.200000000000000178e+00,4.500000000000000111e-01,9.400018800037600623e-04,-1.043348990834367107e-01,1.098663337663795536e-01,6.006546946699997669e-01,-1.294258104664494056e+02,1.362874686764175465e+02,1.782285659707010836e+02,3.000000000000000000e+00,0.000000000000000000e+00
2.200000000000000178e+00,4.500000000000000111e-01,1.030002060004120076e-03,1.520236264361815304e-01,1.381206382020222778e-01,6.004427617667983386e-01,1.853433964094373039e+02,1.683932214927689301e+02,2.432047672891062575e+02,3.000000000000000000e+00,0.000000000000000000e+00
2.200000000000000178e+00,4.500000000000000111e-01,1.190002380004760198e-03,1.218438148147299727e-01,-2.104948140503900555e-01,6.024328936420166869e-01,1.315158150089114031e+02,-2.272039583386349477e+02,2.556524114438432775e+02,3.000000000000000000e+00,0.000000000000000000e+00
2.200000000000000178e+00,4.500000000000000111e-01,1.271002542005084113e-02,2.780832849128184181e-01,2.815681165563422295e-01,6.000720241758423779e-01,2.953179411228239104e+01,2.990187507793618948e+01,4.235143218928362074e+01,3.000000000000000000e+00,1.000000000000000000e+00
2.200000000000000178e+00,4.500000000000000111e-01,1.428002856005712064e-02,-1.658684727929332359e-01,-4.673066232238858309e-01,6.002057199828804146e-01,-4.606332204304966638e+01,-1.297756898339810903e+02,1.241115083478447758e+02,3.000000000000000000e+00,1.000000000000000000e+00
2.200000000000000178e+00,4.500000000000000111e-01,1.435002870005740172e-02,3.936305517519579356e-01,3.334970375136254161e-01,6.010689311055400497e-01,1.063766031787210125e+02,9.012583465122000348e+01,1.260109319474778857e+02,3.000000000000000000e+00,1.000000000000000000e+00
2.200000000000000178e+00,4.500000000000000111e-01,3.654007308014615985e-02,-2.965128603123234341e-01,1.629496518240873271e-01,6.003495431558644180e-01,-1.204713677866489796e+01,6.620545029624185673e+00,5.805969069928882220e+01,3.000000000000000000e+00,1.000000000000000000e+00
2.200000000000000178e+00,0.000000000000000000e+00,6.470012940025880732e-03,2.901860966825242083e-01,7.614332936500825544e-02,6.000721817758655208e-01,5.176797930823315852e+01,1.358364974783821388e+01,2.637145394210613958e+01,3.000000000000000000e+00,0.000000000000000000e+00
2.200000000000000178e+00,0.000000000000000000e+00,1.267002534005068175e-02,-2.293788578299207556e-02,-1.597750848995261874e-01,6.000836672444803677e-01,-4.437475597061154353e+00,-3.090947644292789320e+01,5.084098623649820325e+01,3.000000000000000000e+00,1.000000000000000000e+00
2.200000000000000178e+00,0.000000000000000000e+00,1.515003030006060146e-02,-3.024672617158394861e-01,1.412168716724573336e-01,6.001030222012004867e-01,-2.761003398926209940e+01,1.289065998288700854e+01,5.129726808971033591e+01,3.000000000000000000e+00,1.000000000000000000e+00
2.200000000000000178e+00,0.000000000000000000e+00,1.554003108006216105e-02,2.032579020536058323e-01,4.340094516543538394e-02,6.011218849474416759e-01,-1.505471478676455490e+02,-3.214580315649116216e+01,1.419080814700431006e+02,3.000000000000000000e+00,1.000000000000000000e+00
2.200000000000000178e+00,-4.500000000000000111e-01,6.990013980027960476e-03,3.315114132342159015e-01,-2.868816175162857141e-01,6.005519748065262231e-01,6.228920466233932274e+01,-5.390350701051191606e+01,5.679472053236000306e+01,3.000000000000000000e+00,0.000000000000000000e+00
2.200000000000000178e+00,-4.500000000000000111e-01,7.770015540031080525e-03,-2.282225800290759166e-01,-1.762923610572579847e-01,6.003042638505182715e-01,-3.709283077594260902e+01,-2.865265441725837547e+01,3.691937303127825487e+01,3.000000000000000000e+00,0.000000000000000000e+00
2.200000000000000178e+00,-4.500000000000000111e-01,1.742003484006968139e-02,3.004862512044855216e-01,1.341465834585762462e-01,6.000504669528704538e-01,2.406805638964158689e+01,1.074474296982610255e+01,5.352730112090121395e+01,3.000000000000000000e+00,1.000000000000000000e+00
2.200000000000000178e+00,-4.500000000000000111e-01,2.070004140008280258e-02,-2.540036709131088255e-01,-2.230685543770333790e-01,6.009566909300140258e-01,-1.551791247409448999e+02,-1.362798533620259605e+02,1.977191603830817712e+02,3.000000000000000000e+00,1.000000000000000000e+00
2.200000000000000178e+00,-4.500000000000000111e-01,2.107004214008428161e-02,3.311685577255611967e-01,-7.485683173267529411e-02,6.006771348958170886e-01,1.238994146605256503e+02,-2.800603323793101751e+01,1.121405816187643580e+02,3.000000000000000000e+00,1.000000000000000000e+00
2.200000000000000178e+00,-4.500000000000000111e-01,2.823005646011292336e-02,1.203502379126789590e-01,-1.659183110181132736e-01,6.007272955511725465e-01,-8.541672336468276683e+01,1.177579597611834572e+02,1.326765273600610158e+02,3.000000000000000000e+00,1.000000000000000000e+00
2.200000000000000178e+00,-4.500000000000000111e-01,4.458008916017832529e-02,-3.495159289536011599e-02,-1.559011303301214776e-02,6.002095718820373849e-01,-4.102392015092195976e+01,-1.829866679110162053e+01,3.926944835707831771e+01,3.000000000000000000e+00,1.000000000000000000e+00
